"","ad_Individual_Band","Year","Species","Location","Site","Nest","site_box_year","n_sampleID","n_percent_aquatic_occ","n_percent_aquatic_ra","n_num_fam","n_X","n_Individual_Band","n_Adult_or_Nestling","n_Sex","n_Capture_Date","n_Capture_Number","n_Age","n_Mass","n_Bill.Head","n_Flat_Wing","n_Current_Brood_Size","n_Nestling_Fate","n_Notes","n_Nest_Experiment","n_Nest_Treatment","n_Day6_Brood_Mass","n_Brood_Size_Day6","n_Nest_Fate","n_avg_day6_mass","n_exp_treat","n_TotalReads","n_brood_size_sampling_time","ad_X","ad_Adult_or_Nestling","ad_Sex","ad_Capture_Date","ad_Capture_Number","ad_Age","ad_Mass","ad_Bill.Head","ad_Flat_Wing","ad_Current_Brood_Size","ad_Nestling_Fate","ad_sampleID","ad_Notes","ad_Nest_Experiment","ad_Nest_Treatment","ad_Day6_Brood_Mass","ad_Brood_Size_Day6","ad_Nest_Fate","ad_avg_day6_mass","ad_exp_treat","ad_percent_aquatic_ra","ad_percent_aquatic_occ","ad_num_fam"
"1",88004570,"2019","TRES","Ithaca","Unit_2","121","Unit_2_121_2019","P19N269",0.470588235294118,0.472407231208373,17,408,278171895,"Nestling","Unknown","15-Jun-19",NA,"15",15.25,NA,NA,1,"Fledged","","Color_Stress","Cont_Dul",8,1,"Fledged",8,"Color_Stress_Cont_Dul",2102,1,164,"Adult","F","06-Jun-19","3","ASY",20.5,27.9,119,NA,"","P19N125","","Color_Stress","Cont_Dul",8,1,"Fledged",8,"Color_Stress_Cont_Dul",0.293035714285714,0.5,10
"2",88004570,"2019","TRES","Ithaca","Unit_2","121","Unit_2_121_2019","P19N219",0.5,0.591230551626591,14,291,278171895,"Nestling","Unknown","12-Jun-19",NA,"12",18,25.5,46,1,"Fledged","","Color_Stress","Cont_Dul",8,1,"Fledged",8,"Color_Stress_Cont_Dul",1414,1,164,"Adult","F","06-Jun-19","3","ASY",20.5,27.9,119,NA,"","P19N125","","Color_Stress","Cont_Dul",8,1,"Fledged",8,"Color_Stress_Cont_Dul",0.293035714285714,0.5,10
"3",88004754,"2019","TRES","Ithaca","Unit_2","29","Unit_2_29_2019","P19N409",0.294117647058824,0.738979520999653,17,732,281128749,"Nestling","Unknown","21-Jun-19",NA,"15",18,NA,NA,3,"Fledged","","Color_Stress","Pred_Dul",36,3,"Fledged",12,"Color_Stress_Pred_Dul",2881,3,275,"Adult","F","12-Jun-19","3","ASY",19,28.6,120,NA,"","P19N209","Day 6 mass: 36g/3N","Color_Stress","Pred_Dul",36,3,"Fledged",12,"Color_Stress_Pred_Dul",0.933892317844804,0.538461538461538,13
"4",88004754,"2019","TRES","Ithaca","Unit_2","29","Unit_2_29_2019","P19N408",0.375,0.580021354846364,24,731,281128748,"Nestling","Unknown","21-Jun-19",NA,"15",17.5,NA,NA,3,"Fledged","","Color_Stress","Pred_Dul",36,3,"Fledged",12,"Color_Stress_Pred_Dul",8429,3,275,"Adult","F","12-Jun-19","3","ASY",19,28.6,120,NA,"","P19N209","Day 6 mass: 36g/3N","Color_Stress","Pred_Dul",36,3,"Fledged",12,"Color_Stress_Pred_Dul",0.933892317844804,0.538461538461538,13
"5",88004754,"2019","TRES","Ithaca","Unit_2","29","Unit_2_29_2019","P19N348",0.3,0.0438124519600307,20,626,281128750,"Nestling","Unknown","18-Jun-19",NA,"12",21,24.5,38.5,3,"Fledged","","Color_Stress","Pred_Dul",36,3,"Fledged",12,"Color_Stress_Pred_Dul",1301,3,275,"Adult","F","12-Jun-19","3","ASY",19,28.6,120,NA,"","P19N209","Day 6 mass: 36g/3N","Color_Stress","Pred_Dul",36,3,"Fledged",12,"Color_Stress_Pred_Dul",0.933892317844804,0.538461538461538,13
"6",88004754,"2019","TRES","Ithaca","Unit_2","29","Unit_2_29_2019","P19N410",0.5,0.318543323566346,12,733,281128750,"Nestling","Unknown","21-Jun-19",NA,"15",18,NA,NA,3,"Fledged","","Color_Stress","Pred_Dul",36,3,"Fledged",12,"Color_Stress_Pred_Dul",2389,3,275,"Adult","F","12-Jun-19","3","ASY",19,28.6,120,NA,"","P19N209","Day 6 mass: 36g/3N","Color_Stress","Pred_Dul",36,3,"Fledged",12,"Color_Stress_Pred_Dul",0.933892317844804,0.538461538461538,13
"7",88004754,"2019","TRES","Ithaca","Unit_2","29","Unit_2_29_2019","P19N347",0.25,0.0353260869565217,8,625,281128749,"Nestling","Unknown","18-Jun-19",NA,"12",22,24.9,45,3,"Fledged","","Color_Stress","Pred_Dul",36,3,"Fledged",12,"Color_Stress_Pred_Dul",368,3,275,"Adult","F","12-Jun-19","3","ASY",19,28.6,120,NA,"","P19N209","Day 6 mass: 36g/3N","Color_Stress","Pred_Dul",36,3,"Fledged",12,"Color_Stress_Pred_Dul",0.933892317844804,0.538461538461538,13
"8",156181153,"2019","TRES","Ithaca","Unit_2","57","Unit_2_57_2019","P19N459",0.5,0.996969696969697,4,810,281128764,"Nestling","Unknown","24-Jun-19",NA,"15",14.5,NA,NA,4,"Died","Post injection bleed time on the binder is wrong","Color_Stress","Pred_Con",43,5,"Died",8.6,"Color_Stress_Pred_Con",990,4,398,"Adult","F","15-Jun-19","3","SY",17,26.8,111,NA,"","P19N263","","Color_Stress","Pred_Con",43,5,"Died",8.6,"Color_Stress_Pred_Con",0.881049562682216,0.545454545454545,11
"9",156181153,"2019","TRES","Ithaca","Unit_2","57","Unit_2_57_2019","P19N419",0.444444444444444,0.906510851419032,18,738,281128764,"Nestling","Unknown","21-Jun-19",NA,"12",15,24.1,36,5,"Died","","Color_Stress","Pred_Con",43,5,"Died",8.6,"Color_Stress_Pred_Con",599,5,398,"Adult","F","15-Jun-19","3","SY",17,26.8,111,NA,"","P19N263","","Color_Stress","Pred_Con",43,5,"Died",8.6,"Color_Stress_Pred_Con",0.881049562682216,0.545454545454545,11
"10",156181153,"2019","TRES","Ithaca","Unit_2","57","Unit_2_57_2019","P19N417",0.384615384615385,0.984250456160568,13,736,281128762,"Nestling","Unknown","21-Jun-19",NA,"12",13,23.9,32.5,5,"Died","","Color_Stress","Pred_Con",43,5,"Died",8.6,"Color_Stress_Pred_Con",10413,5,398,"Adult","F","15-Jun-19","3","SY",17,26.8,111,NA,"","P19N263","","Color_Stress","Pred_Con",43,5,"Died",8.6,"Color_Stress_Pred_Con",0.881049562682216,0.545454545454545,11
"11",156181153,"2019","TRES","Ithaca","Unit_2","57","Unit_2_57_2019","P19N416",0.333333333333333,0.989965334792921,18,734,281128760,"Nestling","Unknown","21-Jun-19",NA,"12",16,24,41,5,"Died","","Color_Stress","Pred_Con",43,5,"Died",8.6,"Color_Stress_Pred_Con",21924,5,398,"Adult","F","15-Jun-19","3","SY",17,26.8,111,NA,"","P19N263","","Color_Stress","Pred_Con",43,5,"Died",8.6,"Color_Stress_Pred_Con",0.881049562682216,0.545454545454545,11
"12",235120680,"2019","TRES","Ithaca","Unit_4","93","Unit_4_93_2019","L19N015b",0.6,0.919930511686671,5,964,NA,"Nestling",NA,"15-Jun-19",NA,"6",NA,NA,NA,NA,NA,NA,"Light","Light",55.3,4,"Fledged",13.825,"Light_Light",6332,4,399,"Adult","F","15-Jun-19","3","ASY",19.5,NA,116,NA,"","P19N267","Female third capture life tag gone, bare patch of skin plus mass made reattachment impossble. Attached pit tag to leg","Light","Light",55.3,4,"Fledged",13.825,"Light_Light",0.00409371603025187,0.454545454545455,11
"13",235120680,"2019","TRES","Ithaca","Unit_4","93","Unit_4_93_2019","P19N397",0.1875,0.732656514382403,16,655,278172466,"Nestling","Unknown","20-Jun-19",NA,"12",24,26.2,52,4,"Fledged","","Light","Light",55.3,4,"Fledged",13.825,"Light_Light",591,4,399,"Adult","F","15-Jun-19","3","ASY",19.5,NA,116,NA,"","P19N267","Female third capture life tag gone, bare patch of skin plus mass made reattachment impossble. Attached pit tag to leg","Light","Light",55.3,4,"Fledged",13.825,"Light_Light",0.00409371603025187,0.454545454545455,11
"14",235120680,"2019","TRES","Ithaca","Unit_4","93","Unit_4_93_2019","L19N015c",0.642857142857143,0.960211124644742,14,965,NA,"Nestling",NA,"15-Jun-19",NA,"6",NA,NA,NA,NA,NA,NA,"Light","Light",55.3,4,"Fledged",13.825,"Light_Light",4926,4,399,"Adult","F","15-Jun-19","3","ASY",19.5,NA,116,NA,"","P19N267","Female third capture life tag gone, bare patch of skin plus mass made reattachment impossble. Attached pit tag to leg","Light","Light",55.3,4,"Fledged",13.825,"Light_Light",0.00409371603025187,0.454545454545455,11
"15",235120680,"2019","TRES","Ithaca","Unit_4","93","Unit_4_93_2019","P19N398",0.3125,0.361286681715576,16,656,278172467,"Nestling","Unknown","20-Jun-19",NA,"12",24,25,50.5,4,"Fledged","","Light","Light",55.3,4,"Fledged",13.825,"Light_Light",17720,4,399,"Adult","F","15-Jun-19","3","ASY",19.5,NA,116,NA,"","P19N267","Female third capture life tag gone, bare patch of skin plus mass made reattachment impossble. Attached pit tag to leg","Light","Light",55.3,4,"Fledged",13.825,"Light_Light",0.00409371603025187,0.454545454545455,11
"16",235120680,"2019","TRES","Ithaca","Unit_4","93","Unit_4_93_2019","L19N015a",0.666666666666667,0.88572806171649,9,963,NA,"Nestling",NA,"15-Jun-19",NA,"6",NA,NA,NA,NA,NA,NA,"Light","Light",55.3,4,"Fledged",13.825,"Light_Light",2074,4,399,"Adult","F","15-Jun-19","3","ASY",19.5,NA,116,NA,"","P19N267","Female third capture life tag gone, bare patch of skin plus mass made reattachment impossble. Attached pit tag to leg","Light","Light",55.3,4,"Fledged",13.825,"Light_Light",0.00409371603025187,0.454545454545455,11
"17",235120680,"2019","TRES","Ithaca","Unit_4","93","Unit_4_93_2019","P19N399",0.375,0.301760777170613,16,657,278172468,"Nestling","Unknown","20-Jun-19",NA,"12",24,25.7,51,4,"Fledged","","Light","Light",55.3,4,"Fledged",13.825,"Light_Light",1647,4,399,"Adult","F","15-Jun-19","3","ASY",19.5,NA,116,NA,"","P19N267","Female third capture life tag gone, bare patch of skin plus mass made reattachment impossble. Attached pit tag to leg","Light","Light",55.3,4,"Fledged",13.825,"Light_Light",0.00409371603025187,0.454545454545455,11
"18",263114113,"2019","TRES","Ithaca","Unit_4","94","Unit_4_94_2019","L19N005d",1,1,4,928,NA,"Nestling",NA,"10-Jun-19",NA,"6",NA,NA,NA,NA,NA,NA,"Light","Light_Control",64.85,5,"Fledged",12.97,"Light_Light_Control",198,5,232,"Adult","F","10-Jun-19","3","ASY",21,NA,118,NA,"","","","Light","Light_Control",64.85,5,"Fledged",12.97,"Light_Light_Control",NA,NA,NA
"19",263114113,"2019","TRES","Ithaca","Unit_4","94","Unit_4_94_2019","P19N295",0.454545454545455,0.475504322766571,11,475,278172315,"Nestling","Unknown","16-Jun-19",NA,"12",22,26.5,55,5,"Fledged","","Light","Light_Control",64.85,5,"Fledged",12.97,"Light_Light_Control",1041,5,232,"Adult","F","10-Jun-19","3","ASY",21,NA,118,NA,"","","","Light","Light_Control",64.85,5,"Fledged",12.97,"Light_Light_Control",NA,NA,NA
"20",263114113,"2019","TRES","Ithaca","Unit_4","94","Unit_4_94_2019","P19N293",0.333333333333333,0.923545331529093,9,473,278172313,"Nestling","Unknown","16-Jun-19",NA,"12",24.5,25.4,48,5,"Fledged","","Light","Light_Control",64.85,5,"Fledged",12.97,"Light_Light_Control",4434,5,232,"Adult","F","10-Jun-19","3","ASY",21,NA,118,NA,"","","","Light","Light_Control",64.85,5,"Fledged",12.97,"Light_Light_Control",NA,NA,NA
"21",263114113,"2019","TRES","Ithaca","Unit_4","94","Unit_4_94_2019","P19N296",0.363636363636364,0.618983957219251,22,476,278172316,"Nestling","Unknown","16-Jun-19",NA,"12",18.5,25.2,48,5,"Fledged","","Light","Light_Control",64.85,5,"Fledged",12.97,"Light_Light_Control",2244,5,232,"Adult","F","10-Jun-19","3","ASY",21,NA,118,NA,"","","","Light","Light_Control",64.85,5,"Fledged",12.97,"Light_Light_Control",NA,NA,NA
"22",263114113,"2019","TRES","Ithaca","Unit_4","94","Unit_4_94_2019","P19N297",0.357142857142857,0.707838479809976,14,477,278172317,"Nestling","Unknown","16-Jun-19",NA,"12",19.5,25.3,44,5,"Fledged","","Light","Light_Control",64.85,5,"Fledged",12.97,"Light_Light_Control",421,5,232,"Adult","F","10-Jun-19","3","ASY",21,NA,118,NA,"","","","Light","Light_Control",64.85,5,"Fledged",12.97,"Light_Light_Control",NA,NA,NA
"23",263114113,"2019","TRES","Ithaca","Unit_4","94","Unit_4_94_2019","P19N294",0.363636363636364,0.980624873199432,11,474,278172314,"Nestling","Unknown","16-Jun-19",NA,"12",21.5,25,50,5,"Fledged","","Light","Light_Control",64.85,5,"Fledged",12.97,"Light_Light_Control",9858,5,232,"Adult","F","10-Jun-19","3","ASY",21,NA,118,NA,"","","","Light","Light_Control",64.85,5,"Fledged",12.97,"Light_Light_Control",NA,NA,NA
"24",272106655,"2019","TRES","Ithaca","Turkey_Hill","3","Turkey_Hill_3_2019","L19N006a",0.444444444444444,0.999571244819208,9,929,NA,"Nestling",NA,"11-Jun-19",NA,"6",NA,NA,NA,NA,NA,NA,"Light","Light",65.25,5,"Fledged",13.05,"Light_Light",13994,5,256,"Adult","F","11-Jun-19","3","ASY",18.25,NA,123,NA,"","","","Light","Light",65.25,5,"Fledged",13.05,"Light_Light",NA,NA,NA
"25",272106655,"2019","TRES","Ithaca","Turkey_Hill","3","Turkey_Hill_3_2019","L19N006b",0.5,0.43956704750451,8,930,NA,"Nestling",NA,"11-Jun-19",NA,"6",NA,NA,NA,NA,NA,NA,"Light","Light",65.25,5,"Fledged",13.05,"Light_Light",1663,5,256,"Adult","F","11-Jun-19","3","ASY",18.25,NA,123,NA,"","","","Light","Light",65.25,5,"Fledged",13.05,"Light_Light",NA,NA,NA
"26",272106655,"2019","TRES","Ithaca","Turkey_Hill","3","Turkey_Hill_3_2019","P19N303",0.333333333333333,0.0817325452530477,15,486,278172431,"Nestling","Unknown","16-Jun-19",NA,"12",19.5,25.6,48.5,5,"Fledged","","Light","Light",65.25,5,"Fledged",13.05,"Light_Light",21656,5,256,"Adult","F","11-Jun-19","3","ASY",18.25,NA,123,NA,"","","","Light","Light",65.25,5,"Fledged",13.05,"Light_Light",NA,NA,NA
"27",272106655,"2019","TRES","Ithaca","Turkey_Hill","3","Turkey_Hill_3_2019","P19N302",0.5,0.223796175793373,16,485,278172430,"Nestling","Unknown","16-Jun-19",NA,"12",16.5,24.1,43.5,5,"Fledged","","Light","Light",65.25,5,"Fledged",13.05,"Light_Light",19978,5,256,"Adult","F","11-Jun-19","3","ASY",18.25,NA,123,NA,"","","","Light","Light",65.25,5,"Fledged",13.05,"Light_Light",NA,NA,NA
"28",272106697,"2019","TRES","Ithaca","Turkey_Hill","11","Turkey_Hill_11_2019","P19N279",0.368421052631579,0.212977099236641,19,416,278172308,"Nestling","Unknown","15-Jun-19",NA,"12",19,26.9,58,5,"Fledged","","Light","Light_Control",74.27,5,"Fledged",14.854,"Light_Light_Control",1310,5,211,"Adult","F","09-Jun-19","3","ASY",20.75,NA,117,NA,"","P19N167","","Light","Light_Control",74.27,5,"Fledged",14.854,"Light_Light_Control",NA,NA,NA
"29",272106697,"2019","TRES","Ithaca","Turkey_Hill","11","Turkey_Hill_11_2019","P19N278",0.428571428571429,0.981813589290225,14,415,278172307,"Nestling","Unknown","15-Jun-19",NA,"12",23,26.4,59,5,"Fledged","","Light","Light_Control",74.27,5,"Fledged",14.854,"Light_Light_Control",7918,5,211,"Adult","F","09-Jun-19","3","ASY",20.75,NA,117,NA,"","P19N167","","Light","Light_Control",74.27,5,"Fledged",14.854,"Light_Light_Control",NA,NA,NA
"30",272106697,"2019","TRES","Ithaca","Turkey_Hill","11","Turkey_Hill_11_2019","P19N281",0.416666666666667,0.00788158400615148,12,418,278172310,"Nestling","Unknown","15-Jun-19",NA,"12",22,26.1,57,5,"Died","","Light","Light_Control",74.27,5,"Fledged",14.854,"Light_Light_Control",10404,5,211,"Adult","F","09-Jun-19","3","ASY",20.75,NA,117,NA,"","P19N167","","Light","Light_Control",74.27,5,"Fledged",14.854,"Light_Light_Control",NA,NA,NA
"31",272106697,"2019","TRES","Ithaca","Turkey_Hill","11","Turkey_Hill_11_2019","P19N280",0.4375,0.642490842490843,16,417,278172309,"Nestling","Unknown","15-Jun-19",NA,"12",20.75,24.6,56,5,"Fledged","","Light","Light_Control",74.27,5,"Fledged",14.854,"Light_Light_Control",5460,5,211,"Adult","F","09-Jun-19","3","ASY",20.75,NA,117,NA,"","P19N167","","Light","Light_Control",74.27,5,"Fledged",14.854,"Light_Light_Control",NA,NA,NA
"32",272106728,"2019","TRES","Ithaca","Unit_2","54","Unit_2_54_2019","P19N440",0.444444444444444,0.587044534412956,18,757,281128442,"Nestling","Unknown","22-Jun-19",NA,"12",13,21,NA,6,"Fledged","","Color_Stress","Pred_Con",60,6,"Fledged",10,"Color_Stress_Pred_Con",247,6,520,"Adult","F","17-Jun-19","3","SY",18,28.3,116,NA,"","P19N311","","Color_Stress","Pred_Con",60,6,"Fledged",10,"Color_Stress_Pred_Con",0.661646586345382,0.5,12
"33",272106728,"2019","TRES","Ithaca","Unit_2","54","Unit_2_54_2019","P19N443",0.388888888888889,0.397664543524416,18,760,281128445,"Nestling","Unknown","22-Jun-19",NA,"12",20.75,25,53,6,"Fledged","","Color_Stress","Pred_Con",60,6,"Fledged",10,"Color_Stress_Pred_Con",4710,6,520,"Adult","F","17-Jun-19","3","SY",18,28.3,116,NA,"","P19N311","","Color_Stress","Pred_Con",60,6,"Fledged",10,"Color_Stress_Pred_Con",0.661646586345382,0.5,12
"34",272106728,"2019","TRES","Ithaca","Unit_2","54","Unit_2_54_2019","P19N442",0.416666666666667,0.828947368421053,12,759,281128444,"Nestling","Unknown","22-Jun-19",NA,"12",18,24.2,51,6,"Fledged","","Color_Stress","Pred_Con",60,6,"Fledged",10,"Color_Stress_Pred_Con",304,6,520,"Adult","F","17-Jun-19","3","SY",18,28.3,116,NA,"","P19N311","","Color_Stress","Pred_Con",60,6,"Fledged",10,"Color_Stress_Pred_Con",0.661646586345382,0.5,12
"35",272106822,"2019","TRES","Ithaca","Unit_2","68","Unit_2_68_2019","P19N270",0.454545454545455,0.108890057864282,11,405,278171884,"Nestling","Unknown","15-Jun-19",NA,"15",16.5,NA,NA,6,"Fledged","Microb not fully inserted","Color_Stress","Cont_Dul",71,6,"Fledged",11.8333333333333,"Color_Stress_Cont_Dul",1901,6,165,"Adult","F","06-Jun-19","3","ASY",19,29.2,117.5,NA,"","P19N128","","Color_Stress","Cont_Dul",71,6,"Fledged",11.8333333333333,"Color_Stress_Cont_Dul",NA,NA,NA
"36",272106822,"2019","TRES","Ithaca","Unit_2","68","Unit_2_68_2019","P19N222",0.454545454545455,0.791208791208791,11,290,278171886,"Nestling","Unknown","12-Jun-19",NA,"12",23.5,26.4,58,6,"Fledged","","Color_Stress","Cont_Dul",71,6,"Fledged",11.8333333333333,"Color_Stress_Cont_Dul",364,6,165,"Adult","F","06-Jun-19","3","ASY",19,29.2,117.5,NA,"","P19N128","","Color_Stress","Cont_Dul",71,6,"Fledged",11.8333333333333,"Color_Stress_Cont_Dul",NA,NA,NA
"37",272106822,"2019","TRES","Ithaca","Unit_2","68","Unit_2_68_2019","P19N220",0.375,0.210776545166403,16,285,278171881,"Nestling","Unknown","12-Jun-19",NA,"12",19,24.3,39,6,"Fledged","","Color_Stress","Cont_Dul",71,6,"Fledged",11.8333333333333,"Color_Stress_Cont_Dul",1893,6,165,"Adult","F","06-Jun-19","3","ASY",19,29.2,117.5,NA,"","P19N128","","Color_Stress","Cont_Dul",71,6,"Fledged",11.8333333333333,"Color_Stress_Cont_Dul",NA,NA,NA
"38",272106913,"2019","TRES","Ithaca","Unit_2","120","Unit_2_120_2019","P19N282",0.5,0.0621477895071037,18,461,278172268,"Nestling","Unknown","16-Jun-19",NA,"15",17,NA,NA,4,"Fledged","","Color_Stress","Cont_Con",71,7,"Fledged",10.1428571428571,"Color_Stress_Cont_Con",12599,4,178,"Adult","F","07-Jun-19","3","ASY",18.5,29,122.5,NA,"","P19N138","","Color_Stress","Cont_Con",71,7,"Fledged",10.1428571428571,"Color_Stress_Cont_Con",0.997605507333134,0.727272727272727,11
"39",272106913,"2019","TRES","Ithaca","Unit_2","120","Unit_2_120_2019","P19N242",0.363636363636364,0.814159292035398,11,340,278172270,"Nestling","Unknown","13-Jun-19",NA,"12",16.5,24.5,50,7,"Fledged","","Color_Stress","Cont_Con",71,7,"Fledged",10.1428571428571,"Color_Stress_Cont_Con",226,7,178,"Adult","F","07-Jun-19","3","ASY",18.5,29,122.5,NA,"","P19N138","","Color_Stress","Cont_Con",71,7,"Fledged",10.1428571428571,"Color_Stress_Cont_Con",0.997605507333134,0.727272727272727,11
"40",272106913,"2019","TRES","Ithaca","Unit_2","120","Unit_2_120_2019","P19N243",0.454545454545455,0.993687532877433,11,341,278172271,"Nestling","Unknown","13-Jun-19",NA,"12",14.5,24.3,44,7,"Died","","Color_Stress","Cont_Con",71,7,"Fledged",10.1428571428571,"Color_Stress_Cont_Con",9505,7,178,"Adult","F","07-Jun-19","3","ASY",18.5,29,122.5,NA,"","P19N138","","Color_Stress","Cont_Con",71,7,"Fledged",10.1428571428571,"Color_Stress_Cont_Con",0.997605507333134,0.727272727272727,11
"41",272107217,"2019","TRES","Ithaca","Unit_2","116","Unit_2_116_2019","P19N260",0.857142857142857,0.99989274989275,7,375,278172278,"Nestling","Unknown","14-Jun-19",NA,"12",15.5,24.5,50,5,"Fledged","","Color_Stress","Cont_Con",58,5,"Fledged",11.6,"Color_Stress_Cont_Con",9324,5,199,"Adult","F","08-Jun-19","3","ASY",20.75,29.2,117,NA,"","P19N148","","Color_Stress","Cont_Con",58,5,"Fledged",11.6,"Color_Stress_Cont_Con",NA,NA,NA
"42",272107217,"2019","TRES","Ithaca","Unit_2","116","Unit_2_116_2019","P19N327",0.666666666666667,0.772797527047913,15,534,278172280,"Nestling","Unknown","17-Jun-19",NA,"15",16,NA,NA,5,"Fledged","","Color_Stress","Cont_Con",58,5,"Fledged",11.6,"Color_Stress_Cont_Con",6470,5,199,"Adult","F","08-Jun-19","3","ASY",20.75,29.2,117,NA,"","P19N148","","Color_Stress","Cont_Con",58,5,"Fledged",11.6,"Color_Stress_Cont_Con",NA,NA,NA
"43",272107217,"2019","TRES","Ithaca","Unit_2","116","Unit_2_116_2019","P19N326",0.5,0.997235387045814,10,533,278172279,"Nestling","Unknown","17-Jun-19",NA,"15",17,NA,NA,5,"Fledged","Microb not fully inserted","Color_Stress","Cont_Con",58,5,"Fledged",11.6,"Color_Stress_Cont_Con",2532,5,199,"Adult","F","08-Jun-19","3","ASY",20.75,29.2,117,NA,"","P19N148","","Color_Stress","Cont_Con",58,5,"Fledged",11.6,"Color_Stress_Cont_Con",NA,NA,NA
"44",272107217,"2019","TRES","Ithaca","Unit_2","116","Unit_2_116_2019","P19N261",0.4,0.00391900718484651,10,378,278172281,"Nestling","Unknown","14-Jun-19",NA,"12",19.25,25.1,51.5,5,"Fledged","","Color_Stress","Cont_Con",58,5,"Fledged",11.6,"Color_Stress_Cont_Con",1531,5,199,"Adult","F","08-Jun-19","3","ASY",20.75,29.2,117,NA,"","P19N148","","Color_Stress","Cont_Con",58,5,"Fledged",11.6,"Color_Stress_Cont_Con",NA,NA,NA
"45",272107290,"2019","TRES","Ithaca","Turkey_Hill","97","Turkey_Hill_97_2019","L19N017a",0.7,0.971751412429379,10,968,NA,"Nestling",NA,"17-Jun-19",NA,"6",NA,NA,NA,NA,NA,NA,"Light","Light_Control",45,5,"Fledged",9,"Light_Light_Control",354,5,522,"Adult","F","17-Jun-19","3","ASY",18.5,NA,117,NA,"","P19N324","","Light","Light_Control",45,5,"Fledged",9,"Light_Light_Control",0.783036303630363,0.411764705882353,17
"46",272107290,"2019","TRES","Ithaca","Turkey_Hill","97","Turkey_Hill_97_2019","P19N449",0.6,0.999300101096508,10,750,278172488,"Nestling","Unknown","22-Jun-19",NA,"12",16,22,35,3,"Died","","Light","Light_Control",45,5,"Fledged",9,"Light_Light_Control",12859,3,522,"Adult","F","17-Jun-19","3","ASY",18.5,NA,117,NA,"","P19N324","","Light","Light_Control",45,5,"Fledged",9,"Light_Light_Control",0.783036303630363,0.411764705882353,17
"47",272107290,"2019","TRES","Ithaca","Turkey_Hill","97","Turkey_Hill_97_2019","L19N017c",0.4,0.98583049068486,10,970,NA,"Nestling",NA,"17-Jun-19",NA,"6",NA,NA,NA,NA,NA,NA,"Light","Light_Control",45,5,"Fledged",9,"Light_Light_Control",3811,5,522,"Adult","F","17-Jun-19","3","ASY",18.5,NA,117,NA,"","P19N324","","Light","Light_Control",45,5,"Fledged",9,"Light_Light_Control",0.783036303630363,0.411764705882353,17
"48",272107290,"2019","TRES","Ithaca","Turkey_Hill","97","Turkey_Hill_97_2019","L19N017b",0.454545454545455,0.992026897214217,11,969,NA,"Nestling",NA,"17-Jun-19",NA,"6",NA,NA,NA,NA,NA,NA,"Light","Light_Control",45,5,"Fledged",9,"Light_Light_Control",10410,5,522,"Adult","F","17-Jun-19","3","ASY",18.5,NA,117,NA,"","P19N324","","Light","Light_Control",45,5,"Fledged",9,"Light_Light_Control",0.783036303630363,0.411764705882353,17
"49",272107290,"2019","TRES","Ithaca","Turkey_Hill","97","Turkey_Hill_97_2019","P19N448",0.384615384615385,0.773021001615509,13,749,278172487,"Nestling","Unknown","22-Jun-19",NA,"12",17,24.1,40,3,"Fledged","","Light","Light_Control",45,5,"Fledged",9,"Light_Light_Control",1238,3,522,"Adult","F","17-Jun-19","3","ASY",18.5,NA,117,NA,"","P19N324","","Light","Light_Control",45,5,"Fledged",9,"Light_Light_Control",0.783036303630363,0.411764705882353,17
"50",272107361,"2019","TRES","Ithaca","Unit_2","31","Unit_2_31_2019","P19N471",0.333333333333333,0.711007798440312,27,833,281128438,"Nestling","Unknown","25-Jun-19",NA,"15",18.75,NA,NA,4,"Fledged","","Color_Stress","Cont_Dul",36,4,"Fledged",9,"Color_Stress_Cont_Dul",73348,4,523,"Adult","F","17-Jun-19","3","SY",17,28.3,109,NA,"","P19N317","","Color_Stress","Cont_Dul",36,4,"Fledged",9,"Color_Stress_Cont_Dul",0.993630573248408,0.6,5
"51",272107361,"2019","TRES","Ithaca","Unit_2","31","Unit_2_31_2019","P19N445",0.333333333333333,0.747380675203725,18,753,281128438,"Nestling","Unknown","22-Jun-19",NA,"12",20,22.1,48,4,"Fledged","","Color_Stress","Cont_Dul",36,4,"Fledged",9,"Color_Stress_Cont_Dul",859,4,523,"Adult","F","17-Jun-19","3","SY",17,28.3,109,NA,"","P19N317","","Color_Stress","Cont_Dul",36,4,"Fledged",9,"Color_Stress_Cont_Dul",0.993630573248408,0.6,5
"52",272107361,"2019","TRES","Ithaca","Unit_2","31","Unit_2_31_2019","P19N444",0.416666666666667,0.441036256429557,12,752,281128437,"Nestling","Unknown","22-Jun-19",NA,"12",21,23.8,42,4,"Fledged","","Color_Stress","Cont_Dul",36,4,"Fledged",9,"Color_Stress_Cont_Dul",15942,4,523,"Adult","F","17-Jun-19","3","SY",17,28.3,109,NA,"","P19N317","","Color_Stress","Cont_Dul",36,4,"Fledged",9,"Color_Stress_Cont_Dul",0.993630573248408,0.6,5
"53",272107450,"2019","TRES","Ithaca","Turkey_Hill","86","Turkey_Hill_86_2019","L19N013a",0.555555555555556,0.137254901960784,9,959,NA,"Nestling",NA,"14-Jun-19",NA,"6",NA,NA,NA,NA,NA,NA,"Light","Light_Control",61.21,5,"Predation",12.242,"Light_Light_Control",2397,5,372,"Adult","F","14-Jun-19","3","SY",20,NA,119,NA,"","P19N256","","Light","Light_Control",61.21,5,"Predation",12.242,"Light_Light_Control",1,1,3
"54",272107450,"2019","TRES","Ithaca","Turkey_Hill","86","Turkey_Hill_86_2019","P19N392",0.428571428571429,0.886757879306132,7,651,278172325,"Nestling","Unknown","20-Jun-19",NA,"12",20,25.9,52.5,5,"Predated","","Light","Light_Control",61.21,5,"Predation",12.242,"Light_Light_Control",24558,5,372,"Adult","F","14-Jun-19","3","SY",20,NA,119,NA,"","P19N256","","Light","Light_Control",61.21,5,"Predation",12.242,"Light_Light_Control",1,1,3
"55",272107450,"2019","TRES","Ithaca","Turkey_Hill","86","Turkey_Hill_86_2019","P19N393",0.428571428571429,0.0422535211267606,7,652,278172326,"Nestling","Unknown","20-Jun-19",NA,"12",20.5,25,51.5,5,"Predated","","Light","Light_Control",61.21,5,"Predation",12.242,"Light_Light_Control",213,5,372,"Adult","F","14-Jun-19","3","SY",20,NA,119,NA,"","P19N256","","Light","Light_Control",61.21,5,"Predation",12.242,"Light_Light_Control",1,1,3
"56",272107450,"2019","TRES","Ithaca","Turkey_Hill","86","Turkey_Hill_86_2019","P19N394",0.285714285714286,0.0065359477124183,7,653,278172327,"Nestling","Unknown","20-Jun-19",NA,"12",20.25,25.1,50.5,5,"Predated","","Light","Light_Control",61.21,5,"Predation",12.242,"Light_Light_Control",459,5,372,"Adult","F","14-Jun-19","3","SY",20,NA,119,NA,"","P19N256","","Light","Light_Control",61.21,5,"Predation",12.242,"Light_Light_Control",1,1,3
"57",272107450,"2019","TRES","Ithaca","Turkey_Hill","86","Turkey_Hill_86_2019","P19N391",0.444444444444444,0.607142857142857,9,650,278172324,"Nestling","Unknown","20-Jun-19",NA,"12",12.75,23.4,36,5,"Predated","","Light","Light_Control",61.21,5,"Predation",12.242,"Light_Light_Control",112,5,372,"Adult","F","14-Jun-19","3","SY",20,NA,119,NA,"","P19N256","","Light","Light_Control",61.21,5,"Predation",12.242,"Light_Light_Control",1,1,3
"58",272107599,"2019","TRES","Ithaca","Unit_4","80","Unit_4_80_2019","P19N356",0.333333333333333,0.0679993016759777,15,574,278172447,"Nestling","Unknown","18-Jun-19",NA,"12",21.5,25.9,56,6,"Fledged","","Light","Light",72.86,6,"Fledged",12.1433333333333,"Light_Light",11456,6,279,"Adult","F","12-Jun-19","3","ASY",19.5,NA,121,NA,"","P19N214","","Light","Light",72.86,6,"Fledged",12.1433333333333,"Light_Light",0.0353982300884956,0.5,2
"59",272107599,"2019","TRES","Ithaca","Unit_4","80","Unit_4_80_2019","P19N358",0.357142857142857,0.391513982642237,14,576,278172449,"Nestling","Unknown","18-Jun-19",NA,"12",23,26.5,57,6,"Fledged","","Light","Light",72.86,6,"Fledged",12.1433333333333,"Light_Light",1037,6,279,"Adult","F","12-Jun-19","3","ASY",19.5,NA,121,NA,"","P19N214","","Light","Light",72.86,6,"Fledged",12.1433333333333,"Light_Light",0.0353982300884956,0.5,2
"60",272107599,"2019","TRES","Ithaca","Unit_4","80","Unit_4_80_2019","L19N011c",0.461538461538462,0.00839024390243902,13,952,NA,"Nestling",NA,"12-Jun-19",NA,"6",NA,NA,NA,NA,NA,NA,"Light","Light",72.86,6,"Fledged",12.1433333333333,"Light_Light",15375,6,279,"Adult","F","12-Jun-19","3","ASY",19.5,NA,121,NA,"","P19N214","","Light","Light",72.86,6,"Fledged",12.1433333333333,"Light_Light",0.0353982300884956,0.5,2
"61",272107599,"2019","TRES","Ithaca","Unit_4","80","Unit_4_80_2019","P19N357",0.545454545454545,0.891770011273957,11,575,278172448,"Nestling","Unknown","18-Jun-19",NA,"12",23.5,25.9,58,6,"Fledged","","Light","Light",72.86,6,"Fledged",12.1433333333333,"Light_Light",7096,6,279,"Adult","F","12-Jun-19","3","ASY",19.5,NA,121,NA,"","P19N214","","Light","Light",72.86,6,"Fledged",12.1433333333333,"Light_Light",0.0353982300884956,0.5,2
"62",272107599,"2019","TRES","Ithaca","Unit_4","80","Unit_4_80_2019","L19N011f",0.571428571428571,0.640710382513661,7,955,NA,"Nestling",NA,"12-Jun-19",NA,"6",NA,NA,NA,NA,NA,NA,"Light","Light",72.86,6,"Fledged",12.1433333333333,"Light_Light",732,6,279,"Adult","F","12-Jun-19","3","ASY",19.5,NA,121,NA,"","P19N214","","Light","Light",72.86,6,"Fledged",12.1433333333333,"Light_Light",0.0353982300884956,0.5,2
"63",272107599,"2019","TRES","Ithaca","Unit_4","80","Unit_4_80_2019","L19N011e",0.5,0.336393989983305,12,954,NA,"Nestling",NA,"12-Jun-19",NA,"6",NA,NA,NA,NA,NA,NA,"Light","Light",72.86,6,"Fledged",12.1433333333333,"Light_Light",2396,6,279,"Adult","F","12-Jun-19","3","ASY",19.5,NA,121,NA,"","P19N214","","Light","Light",72.86,6,"Fledged",12.1433333333333,"Light_Light",0.0353982300884956,0.5,2
"64",272107599,"2019","TRES","Ithaca","Unit_4","80","Unit_4_80_2019","P19N354",0.583333333333333,0.305630026809651,12,571,278172444,"Nestling","Unknown","18-Jun-19",NA,"12",23,26.5,55,6,"Fledged","","Light","Light",72.86,6,"Fledged",12.1433333333333,"Light_Light",5222,6,279,"Adult","F","12-Jun-19","3","ASY",19.5,NA,121,NA,"","P19N214","","Light","Light",72.86,6,"Fledged",12.1433333333333,"Light_Light",0.0353982300884956,0.5,2
"65",272107599,"2019","TRES","Ithaca","Unit_4","80","Unit_4_80_2019","L19N011b",0.473684210526316,0.644613852283175,19,951,NA,"Nestling",NA,"12-Jun-19",NA,"6",NA,NA,NA,NA,NA,NA,"Light","Light",72.86,6,"Fledged",12.1433333333333,"Light_Light",26104,6,279,"Adult","F","12-Jun-19","3","ASY",19.5,NA,121,NA,"","P19N214","","Light","Light",72.86,6,"Fledged",12.1433333333333,"Light_Light",0.0353982300884956,0.5,2
"66",272107599,"2019","TRES","Ithaca","Unit_4","80","Unit_4_80_2019","L19N011d",0.466666666666667,0.38728323699422,15,953,NA,"Nestling",NA,"12-Jun-19",NA,"6",NA,NA,NA,NA,NA,NA,"Light","Light",72.86,6,"Fledged",12.1433333333333,"Light_Light",1730,6,279,"Adult","F","12-Jun-19","3","ASY",19.5,NA,121,NA,"","P19N214","","Light","Light",72.86,6,"Fledged",12.1433333333333,"Light_Light",0.0353982300884956,0.5,2
"67",272107599,"2019","TRES","Ithaca","Unit_4","80","Unit_4_80_2019","P19N355",0.666666666666667,0.448164842240824,6,573,278172446,"Nestling","Unknown","18-Jun-19",NA,"12",21.5,25.8,56,6,"Fledged","","Light","Light",72.86,6,"Fledged",12.1433333333333,"Light_Light",1553,6,279,"Adult","F","12-Jun-19","3","ASY",19.5,NA,121,NA,"","P19N214","","Light","Light",72.86,6,"Fledged",12.1433333333333,"Light_Light",0.0353982300884956,0.5,2
"68",272107599,"2019","TRES","Ithaca","Unit_4","80","Unit_4_80_2019","L19N011a",0.421052631578947,0.363138482172795,19,950,NA,"Nestling",NA,"12-Jun-19",NA,"6",NA,NA,NA,NA,NA,NA,"Light","Light",72.86,6,"Fledged",12.1433333333333,"Light_Light",8947,6,279,"Adult","F","12-Jun-19","3","ASY",19.5,NA,121,NA,"","P19N214","","Light","Light",72.86,6,"Fledged",12.1433333333333,"Light_Light",0.0353982300884956,0.5,2
"69",272107739,"2019","TRES","Ithaca","Unit_2","111","Unit_2_111_2019","P19N170",0.428571428571429,0.444794952681388,7,229,281128712,"Nestling","Unknown","09-Jun-19",NA,"15",18.5,NA,NA,5,"Died","","Color_Stress","Cont_Dul",68,5,"Died",13.6,"Color_Stress_Cont_Dul",317,5,93,"Adult","F","31-May-19","3","ASY",17.5,26.6,109,NA,"","P19N073","Injection time represents ACTH injection","Color_Stress","Cont_Dul",68,5,"Died",13.6,"Color_Stress_Cont_Dul",NA,NA,NA
"70",272107739,"2019","TRES","Ithaca","Unit_2","111","Unit_2_111_2019","P19N132",0.75,0.994564219341095,12,172,281128710,"Nestling","Unknown","06-Jun-19",NA,"12",19,24.9,50,5,"Died","","Color_Stress","Cont_Dul",68,5,"Died",13.6,"Color_Stress_Cont_Dul",27227,5,93,"Adult","F","31-May-19","3","ASY",17.5,26.6,109,NA,"","P19N073","Injection time represents ACTH injection","Color_Stress","Cont_Dul",68,5,"Died",13.6,"Color_Stress_Cont_Dul",NA,NA,NA
"71",272107739,"2019","TRES","Ithaca","Unit_2","111","Unit_2_111_2019","P19N131",0.636363636363636,0.713355550846641,11,171,281128709,"Nestling","Unknown","06-Jun-19",NA,"12",15.5,24.8,47,5,"Died","","Color_Stress","Cont_Dul",68,5,"Died",13.6,"Color_Stress_Cont_Dul",51911,5,93,"Adult","F","31-May-19","3","ASY",17.5,26.6,109,NA,"","P19N073","Injection time represents ACTH injection","Color_Stress","Cont_Dul",68,5,"Died",13.6,"Color_Stress_Cont_Dul",NA,NA,NA
"72",272107739,"2019","TRES","Ithaca","Unit_2","111","Unit_2_111_2019","P19N169",0.857142857142857,0.998009950248756,7,228,281128711,"Nestling","Unknown","09-Jun-19",NA,"15",17,NA,NA,5,"Died","","Color_Stress","Cont_Dul",68,5,"Died",13.6,"Color_Stress_Cont_Dul",2010,5,93,"Adult","F","31-May-19","3","ASY",17.5,26.6,109,NA,"","P19N073","Injection time represents ACTH injection","Color_Stress","Cont_Dul",68,5,"Died",13.6,"Color_Stress_Cont_Dul",NA,NA,NA
"73",272107739,"2019","TRES","Ithaca","Unit_2","111","Unit_2_111_2019","P19N133",0.5,0.980679546968688,10,173,281128711,"Nestling","Unknown","06-Jun-19",NA,"12",15.5,24.5,44.5,5,"Died","","Color_Stress","Cont_Dul",68,5,"Died",13.6,"Color_Stress_Cont_Dul",3002,5,93,"Adult","F","31-May-19","3","ASY",17.5,26.6,109,NA,"","P19N073","Injection time represents ACTH injection","Color_Stress","Cont_Dul",68,5,"Died",13.6,"Color_Stress_Cont_Dul",NA,NA,NA
"74",272107748,"2019","TRES","Ithaca","Unit_2","39","Unit_2_39_2019","P19N249",0.5,0.885230909922268,12,367,281128738,"Nestling","Unknown","13-Jun-19",NA,"12",17.5,25.8,47,5,"Fledged","","Color_Stress","Cont_Con",66,5,"Fledged",13.2,"Color_Stress_Cont_Con",2187,5,179,"Adult","F","07-Jun-19","3","ASY",19.5,29.1,120,NA,"","P19N139","","Color_Stress","Cont_Con",66,5,"Fledged",13.2,"Color_Stress_Cont_Con",NA,NA,NA
"75",272107748,"2019","TRES","Ithaca","Unit_2","39","Unit_2_39_2019","P19N285",0.428571428571429,0.938301771533293,14,511,281128739,"Nestling","Unknown","16-Jun-19",NA,"15",17,NA,NA,5,"Fledged","","Color_Stress","Cont_Con",66,5,"Fledged",13.2,"Color_Stress_Cont_Con",1637,5,179,"Adult","F","07-Jun-19","3","ASY",19.5,29.1,120,NA,"","P19N139","","Color_Stress","Cont_Con",66,5,"Fledged",13.2,"Color_Stress_Cont_Con",NA,NA,NA
"76",272107786,"2019","TRES","Ithaca","Unit_2","103","Unit_2_103_2019","P19N191",0.388888888888889,0.0875397105541828,18,253,281128724,"Nestling","Unknown","10-Jun-19",NA,"12",24.5,26.2,50,6,"Died","","Color_Stress","Cont_Con",54,6,"Fledged",9,"Color_Stress_Cont_Con",2833,6,146,"Adult","F","04-Jun-19","3","ASY",18.5,28,115.5,NA,"","P19N110","","Color_Stress","Cont_Con",54,6,"Fledged",9,"Color_Stress_Cont_Con",0.960327455919396,0.416666666666667,12
"77",272107786,"2019","TRES","Ithaca","Unit_2","103","Unit_2_103_2019","P19N236",0.352941176470588,0.104447068083432,17,350,281128720,"Nestling","Unknown","13-Jun-19",NA,"15",16.5,NA,NA,6,"Fledged","","Color_Stress","Cont_Con",54,6,"Fledged",9,"Color_Stress_Cont_Con",25410,6,146,"Adult","F","04-Jun-19","3","ASY",18.5,28,115.5,NA,"","P19N110","","Color_Stress","Cont_Con",54,6,"Fledged",9,"Color_Stress_Cont_Con",0.960327455919396,0.416666666666667,12
"78",272107786,"2019","TRES","Ithaca","Unit_2","103","Unit_2_103_2019","P19N238",0.428571428571429,0.203939466730723,21,353,281128723,"Nestling","Unknown","13-Jun-19",NA,"15",16.5,NA,NA,6,"Fledged","","Color_Stress","Cont_Con",54,6,"Fledged",9,"Color_Stress_Cont_Con",20815,6,146,"Adult","F","04-Jun-19","3","ASY",18.5,28,115.5,NA,"","P19N110","","Color_Stress","Cont_Con",54,6,"Fledged",9,"Color_Stress_Cont_Con",0.960327455919396,0.416666666666667,12
"79",272107786,"2019","TRES","Ithaca","Unit_2","103","Unit_2_103_2019","P19N190",0.35,0.967250571210967,20,252,281128723,"Nestling","Unknown","10-Jun-19",NA,"12",21,25.7,48,6,"Fledged","","Color_Stress","Cont_Con",54,6,"Fledged",9,"Color_Stress_Cont_Con",2626,6,146,"Adult","F","04-Jun-19","3","ASY",18.5,28,115.5,NA,"","P19N110","","Color_Stress","Cont_Con",54,6,"Fledged",9,"Color_Stress_Cont_Con",0.960327455919396,0.416666666666667,12
"80",272107786,"2019","TRES","Ithaca","Unit_2","103","Unit_2_103_2019","P19N189",0.583333333333333,0.550585261306809,12,251,281128722,"Nestling","Unknown","10-Jun-19",NA,"12",19.5,24.4,45,6,"Fledged","","Color_Stress","Cont_Con",54,6,"Fledged",9,"Color_Stress_Cont_Con",18197,6,146,"Adult","F","04-Jun-19","3","ASY",18.5,28,115.5,NA,"","P19N110","","Color_Stress","Cont_Con",54,6,"Fledged",9,"Color_Stress_Cont_Con",0.960327455919396,0.416666666666667,12
"81",272107786,"2019","TRES","Ithaca","Unit_2","103","Unit_2_103_2019","P19N240",0.818181818181818,0.995601173020528,11,352,281128722,"Nestling","Unknown","13-Jun-19",NA,"15",15.5,NA,NA,6,"Fledged","","Color_Stress","Cont_Con",54,6,"Fledged",9,"Color_Stress_Cont_Con",682,6,146,"Adult","F","04-Jun-19","3","ASY",18.5,28,115.5,NA,"","P19N110","","Color_Stress","Cont_Con",54,6,"Fledged",9,"Color_Stress_Cont_Con",0.960327455919396,0.416666666666667,12
"82",272107786,"2019","TRES","Ithaca","Unit_2","103","Unit_2_103_2019","P19N237",0.454545454545455,0.991718844677843,11,351,281128721,"Nestling","Unknown","13-Jun-19",NA,"15",17,NA,NA,6,"Fledged","","Color_Stress","Cont_Con",54,6,"Fledged",9,"Color_Stress_Cont_Con",24755,6,146,"Adult","F","04-Jun-19","3","ASY",18.5,28,115.5,NA,"","P19N110","","Color_Stress","Cont_Con",54,6,"Fledged",9,"Color_Stress_Cont_Con",0.960327455919396,0.416666666666667,12
"83",272107803,"2019","TRES","Ithaca","Unit_4","87","Unit_4_87_2019","L19N012b",0.4375,0.888787080517696,16,957,NA,"Nestling",NA,"13-Jun-19",NA,"6",NA,NA,NA,NA,NA,NA,"Light","Light",71,5,"Fledged",14.2,"Light_Light",8731,5,317,"Adult","F","13-Jun-19","3","ASY",NA,NA,115,NA,"","","6/8: Life tag fell off during midnight capture, reglued on
6/13: No life tag and feathers missing, so couldn't reglue. Put new PIT tag on leg, so new RFID on 6/13","Light","Light",71,5,"Fledged",14.2,"Light_Light",NA,NA,NA
"84",272107803,"2019","TRES","Ithaca","Unit_4","87","Unit_4_87_2019","P19N377",0.285714285714286,0.00599315068493151,14,637,278172463,"Nestling","Unknown","19-Jun-19",NA,"12",22.5,25.1,48,5,"Fledged","","Light","Light",71,5,"Fledged",14.2,"Light_Light",1168,5,317,"Adult","F","13-Jun-19","3","ASY",NA,NA,115,NA,"","","6/8: Life tag fell off during midnight capture, reglued on
6/13: No life tag and feathers missing, so couldn't reglue. Put new PIT tag on leg, so new RFID on 6/13","Light","Light",71,5,"Fledged",14.2,"Light_Light",NA,NA,NA
"85",272107803,"2019","TRES","Ithaca","Unit_4","87","Unit_4_87_2019","L19N012c",0.583333333333333,0.81042654028436,12,958,NA,"Nestling",NA,"13-Jun-19",NA,"6",NA,NA,NA,NA,NA,NA,"Light","Light",71,5,"Fledged",14.2,"Light_Light",422,5,317,"Adult","F","13-Jun-19","3","ASY",NA,NA,115,NA,"","","6/8: Life tag fell off during midnight capture, reglued on
6/13: No life tag and feathers missing, so couldn't reglue. Put new PIT tag on leg, so new RFID on 6/13","Light","Light",71,5,"Fledged",14.2,"Light_Light",NA,NA,NA
"86",272107803,"2019","TRES","Ithaca","Unit_4","87","Unit_4_87_2019","P19N378",0,0,4,638,278172464,"Nestling","Unknown","19-Jun-19",NA,"12",21.5,26.4,52,5,"Fledged","","Light","Light",71,5,"Fledged",14.2,"Light_Light",906,5,317,"Adult","F","13-Jun-19","3","ASY",NA,NA,115,NA,"","","6/8: Life tag fell off during midnight capture, reglued on
6/13: No life tag and feathers missing, so couldn't reglue. Put new PIT tag on leg, so new RFID on 6/13","Light","Light",71,5,"Fledged",14.2,"Light_Light",NA,NA,NA
"87",272107803,"2019","TRES","Ithaca","Unit_4","87","Unit_4_87_2019","P19N374",0.3,0.00591133004926108,10,634,278172460,"Nestling","Unknown","19-Jun-19",NA,"12",23.5,25.2,49,5,"Fledged","","Light","Light",71,5,"Fledged",14.2,"Light_Light",1015,5,317,"Adult","F","13-Jun-19","3","ASY",NA,NA,115,NA,"","","6/8: Life tag fell off during midnight capture, reglued on
6/13: No life tag and feathers missing, so couldn't reglue. Put new PIT tag on leg, so new RFID on 6/13","Light","Light",71,5,"Fledged",14.2,"Light_Light",NA,NA,NA
"88",272107803,"2019","TRES","Ithaca","Unit_4","87","Unit_4_87_2019","P19N375",0.1875,0.000511160333958085,16,635,278172461,"Nestling","Unknown","19-Jun-19",NA,"12",25.5,26.7,52,5,"Fledged","","Light","Light",71,5,"Fledged",14.2,"Light_Light",5869,5,317,"Adult","F","13-Jun-19","3","ASY",NA,NA,115,NA,"","","6/8: Life tag fell off during midnight capture, reglued on
6/13: No life tag and feathers missing, so couldn't reglue. Put new PIT tag on leg, so new RFID on 6/13","Light","Light",71,5,"Fledged",14.2,"Light_Light",NA,NA,NA
"89",272107803,"2019","TRES","Ithaca","Unit_4","87","Unit_4_87_2019","P19N376",0.153846153846154,0.0803968525487513,13,636,278172462,"Nestling","Unknown","19-Jun-19",NA,"12",24,25.1,49,5,"Fledged","","Light","Light",71,5,"Fledged",14.2,"Light_Light",5846,5,317,"Adult","F","13-Jun-19","3","ASY",NA,NA,115,NA,"","","6/8: Life tag fell off during midnight capture, reglued on
6/13: No life tag and feathers missing, so couldn't reglue. Put new PIT tag on leg, so new RFID on 6/13","Light","Light",71,5,"Fledged",14.2,"Light_Light",NA,NA,NA
"90",272107805,"2019","TRES","Ithaca","Unit_2","35","Unit_2_35_2019","P19N234",0.533333333333333,0.994979262169832,15,349,281128719,"Nestling","Unknown","13-Jun-19",NA,"15",14,NA,NA,4,"Died","","Color_Stress","Pred_Dul",55,5,"Fledged",11,"Color_Stress_Pred_Dul",4581,4,147,"Adult","F","04-Jun-19","3","ASY",18,20.7,114.5,NA,"","","","Color_Stress","Pred_Dul",55,5,"Fledged",11,"Color_Stress_Pred_Dul",NA,NA,NA
"91",272107805,"2019","TRES","Ithaca","Unit_2","35","Unit_2_35_2019","P19N235",0.5,0.982346832814122,16,325,278172168,"Nestling","Unknown","13-Jun-19",NA,"15",16,NA,NA,4,"Fledged","","Color_Stress","Pred_Dul",55,5,"Fledged",11,"Color_Stress_Pred_Dul",1926,4,147,"Adult","F","04-Jun-19","3","ASY",18,20.7,114.5,NA,"","","","Color_Stress","Pred_Dul",55,5,"Fledged",11,"Color_Stress_Pred_Dul",NA,NA,NA
"92",272107805,"2019","TRES","Ithaca","Unit_2","35","Unit_2_35_2019","P19N233",0.833333333333333,0.981578947368421,6,347,281128716,"Nestling","Unknown","13-Jun-19",NA,"15",17,NA,NA,4,"Fledged","","Color_Stress","Pred_Dul",55,5,"Fledged",11,"Color_Stress_Pred_Dul",380,4,147,"Adult","F","04-Jun-19","3","ASY",18,20.7,114.5,NA,"","","","Color_Stress","Pred_Dul",55,5,"Fledged",11,"Color_Stress_Pred_Dul",NA,NA,NA
"93",272107805,"2019","TRES","Ithaca","Unit_2","35","Unit_2_35_2019","P19N187",0.611111111111111,0.52639751552795,18,239,278172168,"Nestling","Unknown","10-Jun-19",NA,"12",19.25,24.9,50,5,"Fledged","","Color_Stress","Pred_Dul",55,5,"Fledged",11,"Color_Stress_Pred_Dul",2576,5,147,"Adult","F","04-Jun-19","3","ASY",18,20.7,114.5,NA,"","","","Color_Stress","Pred_Dul",55,5,"Fledged",11,"Color_Stress_Pred_Dul",NA,NA,NA
"94",272107805,"2019","TRES","Ithaca","Unit_2","35","Unit_2_35_2019","P19N188",0.538461538461538,0.996731644683086,13,247,281128718,"Nestling","Unknown","10-Jun-19",NA,"12",19.5,24.7,45,5,"Died","","Color_Stress","Pred_Dul",55,5,"Fledged",11,"Color_Stress_Pred_Dul",8567,5,147,"Adult","F","04-Jun-19","3","ASY",18,20.7,114.5,NA,"","","","Color_Stress","Pred_Dul",55,5,"Fledged",11,"Color_Stress_Pred_Dul",NA,NA,NA
"95",272107809,"2019","TRES","Ithaca","Unit_1","81","Unit_1_81_2019","P19N292",0.444444444444444,0.908582089552239,9,517,281128804,"Nestling","Unknown","16-Jun-19",NA,"12",14,23.1,35,5,"Fledged","","Color_Stress","Cont_Con",60,5,"Fledged",12,"Color_Stress_Cont_Con",536,5,234,"Adult","F","10-Jun-19","3","ASY",19,28.3,117,NA,"","P19N183","","Color_Stress","Cont_Con",60,5,"Fledged",12,"Color_Stress_Cont_Con",0.716177861873226,0.466666666666667,15
"96",272107855,"2019","TRES","Ithaca","Unit_2","62","Unit_2_62_2019","P19N451",0.6,0.92485549132948,5,793,281128753,"Nestling","Unknown","23-Jun-19",NA,"15",17,NA,NA,4,"Fledged","","Color_Stress","Cont_Con",48,4,"Fledged",12,"Color_Stress_Cont_Con",173,4,373,"Adult","F","14-Jun-19","3","SY",16.5,28,114,NA,"","P19N255","DAY 6: 4 CHICKS, 48g","Color_Stress","Cont_Con",48,4,"Fledged",12,"Color_Stress_Cont_Con",0.5893789531774,0.583333333333333,12
"97",272107855,"2019","TRES","Ithaca","Unit_2","62","Unit_2_62_2019","P19N450",0.666666666666667,0.999157540016849,3,792,281128752,"Nestling","Unknown","23-Jun-19",NA,"15",15.25,NA,NA,4,"Fledged","","Color_Stress","Cont_Con",48,4,"Fledged",12,"Color_Stress_Cont_Con",3561,4,373,"Adult","F","14-Jun-19","3","SY",16.5,28,114,NA,"","P19N255","DAY 6: 4 CHICKS, 48g","Color_Stress","Cont_Con",48,4,"Fledged",12,"Color_Stress_Cont_Con",0.5893789531774,0.583333333333333,12
"98",278171872,"2019","TRES","Ithaca","Unit_2","3","Unit_2_3_2019","P19N413",1,1,3,718,281128509,"Nestling","Unknown","21-Jun-19",NA,"15",14.75,NA,NA,5,"Fledged","","Color_Stress","Cont_Dul",60,5,"Fledged",12,"Color_Stress_Cont_Dul",216,5,282,"Adult","F","12-Jun-19","3","SY",17,28.5,114,NA,"","P19N207","","Color_Stress","Cont_Dul",60,5,"Fledged",12,"Color_Stress_Cont_Dul",0.788958968180852,0.454545454545455,11
"99",278171872,"2019","TRES","Ithaca","Unit_2","3","Unit_2_3_2019","P19N412",0.545454545454545,0.247126436781609,11,717,281128508,"Nestling","Unknown","21-Jun-19",NA,"15",16.25,NA,NA,5,"Fledged","","Color_Stress","Cont_Dul",60,5,"Fledged",12,"Color_Stress_Cont_Dul",348,5,282,"Adult","F","12-Jun-19","3","SY",17,28.5,114,NA,"","P19N207","","Color_Stress","Cont_Dul",60,5,"Fledged",12,"Color_Stress_Cont_Dul",0.788958968180852,0.454545454545455,11
"100",278171872,"2019","TRES","Ithaca","Unit_2","3","Unit_2_3_2019","P19N411",0.428571428571429,0.796697626418989,7,716,281128507,"Nestling","Unknown","21-Jun-19",NA,"15",19.5,NA,NA,5,"Fledged","","Color_Stress","Cont_Dul",60,5,"Fledged",12,"Color_Stress_Cont_Dul",969,5,282,"Adult","F","12-Jun-19","3","SY",17,28.5,114,NA,"","P19N207","","Color_Stress","Cont_Dul",60,5,"Fledged",12,"Color_Stress_Cont_Dul",0.788958968180852,0.454545454545455,11
"101",278171872,"2019","TRES","Ithaca","Unit_2","3","Unit_2_3_2019","P19N351",0.2,0.479452054794521,10,614,281128510,"Nestling","Unknown","18-Jun-19",NA,"12",23.5,24.4,55.5,5,"Fledged","","Color_Stress","Cont_Dul",60,5,"Fledged",12,"Color_Stress_Cont_Dul",146,5,282,"Adult","F","12-Jun-19","3","SY",17,28.5,114,NA,"","P19N207","","Color_Stress","Cont_Dul",60,5,"Fledged",12,"Color_Stress_Cont_Dul",0.788958968180852,0.454545454545455,11
"102",278171875,"2019","TRES","Ithaca","Unit_2","117","Unit_2_117_2019","P19N352",0.347826086956522,0.0179239058720035,23,616,281128512,"Nestling","Unknown","18-Jun-19",NA,"12",15,23.4,34,5,"Fledged","","Color_Stress","Pred_Dul",51,6,"Fledged",8.5,"Color_Stress_Pred_Dul",18188,5,283,"Adult","F","12-Jun-19","3","SY",18.75,27.5,116.5,NA,"","P19N204","","Color_Stress","Pred_Dul",51,6,"Fledged",8.5,"Color_Stress_Pred_Dul",0.983058428850992,0.636363636363636,11
"103",278171875,"2019","TRES","Ithaca","Unit_2","117","Unit_2_117_2019","P19N353",0.5,0.0241607707361132,14,617,281128513,"Nestling","Unknown","18-Jun-19",NA,"12",11.75,22.5,29,5,"Fledged","","Color_Stress","Pred_Dul",51,6,"Fledged",8.5,"Color_Stress_Pred_Dul",13286,5,283,"Adult","F","12-Jun-19","3","SY",18.75,27.5,116.5,NA,"","P19N204","","Color_Stress","Pred_Dul",51,6,"Fledged",8.5,"Color_Stress_Pred_Dul",0.983058428850992,0.636363636363636,11
"104",278171877,"2019","TRES","Ithaca","Unit_2","9","Unit_2_9_2019","P19N456",0.75,0.99290780141844,4,812,281128766,"Nestling","Unknown","24-Jun-19",NA,"15",15.5,NA,NA,3,"Fledged","","Color_Stress","Pred_Dul",22,3,"Fledged",7.33333333333333,"Color_Stress_Pred_Dul",141,3,525,"Adult","F","17-Jun-19","3","SY",17.5,27.4,113,NA,"","P19N315","","Color_Stress","Pred_Dul",22,3,"Fledged",7.33333333333333,"Color_Stress_Pred_Dul",0.740924092409241,0.333333333333333,9
"105",278171877,"2019","TRES","Ithaca","Unit_2","9","Unit_2_9_2019","P19N414",0.411764705882353,0.738562091503268,17,740,281128766,"Nestling","Unknown","21-Jun-19",NA,"12",17,24.7,38,3,"Fledged","","Color_Stress","Pred_Dul",22,3,"Fledged",7.33333333333333,"Color_Stress_Pred_Dul",306,3,525,"Adult","F","17-Jun-19","3","SY",17.5,27.4,113,NA,"","P19N315","","Color_Stress","Pred_Dul",22,3,"Fledged",7.33333333333333,"Color_Stress_Pred_Dul",0.740924092409241,0.333333333333333,9
"106",278171896,"2019","TRES","Ithaca","Unit_2","78","Unit_2_78_2019","P19N472",0.333333333333333,0.253559944878273,9,843,281128525,"Nestling","Unknown","25-Jun-19",NA,"15",20,NA,NA,3,"Fledged","","Color_Stress","Cont_Con",29,3,"Fledged",9.66666666666667,"Color_Stress_Cont_Con",2177,3,529,"Adult","F","17-Jun-19","3","ASY",19,28.9,120,NA,"","P19N308","The age is entered as ASY but for the same bird the age is SY for capture #1 and #2","Color_Stress","Cont_Con",29,3,"Fledged",9.66666666666667,"Color_Stress_Cont_Con",0.912100456621005,0.6,10
"107",278171896,"2019","TRES","Ithaca","Unit_2","78","Unit_2_78_2019","P19N431",0.5,0.289022635090933,12,768,281128525,"Nestling","Unknown","22-Jun-19",NA,"12",20,25.3,47,3,"Fledged","","Color_Stress","Cont_Con",29,3,"Fledged",9.66666666666667,"Color_Stress_Cont_Con",15286,3,529,"Adult","F","17-Jun-19","3","ASY",19,28.9,120,NA,"","P19N308","The age is entered as ASY but for the same bird the age is SY for capture #1 and #2","Color_Stress","Cont_Con",29,3,"Fledged",9.66666666666667,"Color_Stress_Cont_Con",0.912100456621005,0.6,10
"108",278171896,"2019","TRES","Ithaca","Unit_2","78","Unit_2_78_2019","P19N473",0.6,0.998325519089082,5,844,281128526,"Nestling","Unknown","25-Jun-19",NA,"15",18.25,NA,NA,3,"Fledged","","Color_Stress","Cont_Con",29,3,"Fledged",9.66666666666667,"Color_Stress_Cont_Con",2986,3,529,"Adult","F","17-Jun-19","3","ASY",19,28.9,120,NA,"","P19N308","The age is entered as ASY but for the same bird the age is SY for capture #1 and #2","Color_Stress","Cont_Con",29,3,"Fledged",9.66666666666667,"Color_Stress_Cont_Con",0.912100456621005,0.6,10
"109",278172147,"2019","TRES","Ithaca","Unit_2","101","Unit_2_101_2019","P19N244",0.6,0.963700752545374,10,343,278172273,"Nestling","Unknown","13-Jun-19",NA,"12",19.5,23.2,53,5,"Fledged","","Color_Stress","Pred_Dul",52,5,"Fledged",10.4,"Color_Stress_Pred_Dul",2259,5,184,"Adult","F","07-Jun-19","3","ASY",16,28.7,115,NA,"","P19N140","Mass incorrect due to miscalibrated scale.","Color_Stress","Pred_Dul",52,5,"Fledged",10.4,"Color_Stress_Pred_Dul",0.958549222797928,0.545454545454545,11
"110",278172147,"2019","TRES","Ithaca","Unit_2","101","Unit_2_101_2019","P19N245",0.384615384615385,0.819835981547924,13,344,278172274,"Nestling","Unknown","13-Jun-19",NA,"12",16.5,23,44,5,"Died","","Color_Stress","Pred_Dul",52,5,"Fledged",10.4,"Color_Stress_Pred_Dul",3902,5,184,"Adult","F","07-Jun-19","3","ASY",16,28.7,115,NA,"","P19N140","Mass incorrect due to miscalibrated scale.","Color_Stress","Pred_Dul",52,5,"Fledged",10.4,"Color_Stress_Pred_Dul",0.958549222797928,0.545454545454545,11
"111",278172149,"2019","TRES","Ithaca","Unit_2","109","Unit_2_109_2019","P19N286",0.380952380952381,0.969276882727613,21,457,278171889,"Nestling","Unknown","16-Jun-19",NA,"15",15,NA,NA,5,"Fledged","","Color_Stress","Cont_Dul",61,5,"Fledged",12.2,"Color_Stress_Cont_Dul",2669,5,185,"Adult","F","07-Jun-19","3","SY",14.75,28.7,116,NA,"","","Mass may be incorrect due to miscalibrated scale.","Color_Stress","Cont_Dul",61,5,"Fledged",12.2,"Color_Stress_Cont_Dul",NA,NA,NA
"112",278172149,"2019","TRES","Ithaca","Unit_2","109","Unit_2_109_2019","P19N246",0.5,0.981575603557814,12,319,278171888,"Nestling","Unknown","13-Jun-19",NA,"12",17.5,25.5,51,5,"Died","","Color_Stress","Cont_Dul",61,5,"Fledged",12.2,"Color_Stress_Cont_Dul",1574,5,185,"Adult","F","07-Jun-19","3","SY",14.75,28.7,116,NA,"","","Mass may be incorrect due to miscalibrated scale.","Color_Stress","Cont_Dul",61,5,"Fledged",12.2,"Color_Stress_Cont_Dul",NA,NA,NA
"113",278172152,"2019","TRES","Ithaca","Unit_2","41","Unit_2_41_2019","P19N381",0.4,0.219512195121951,5,669,281128503,"Nestling","Unknown","20-Jun-19",NA,"15",18.75,NA,NA,4,"Fledged","","Color_Stress","Cont_Con",51,4,"Fledged",12.75,"Color_Stress_Cont_Con",123,4,263,"Adult","F","11-Jun-19","3","SY",19,28.6,116,NA,"","","51g for 4N","Color_Stress","Cont_Con",51,4,"Fledged",12.75,"Color_Stress_Cont_Con",NA,NA,NA
"114",278172152,"2019","TRES","Ithaca","Unit_2","41","Unit_2_41_2019","P19N334",0.368421052631579,0.263189093064612,19,550,281128502,"Nestling","Unknown","17-Jun-19",NA,"12",19.5,24.4,44,4,"Fledged","","Color_Stress","Cont_Con",51,4,"Fledged",12.75,"Color_Stress_Cont_Con",1687,4,263,"Adult","F","11-Jun-19","3","SY",19,28.6,116,NA,"","","51g for 4N","Color_Stress","Cont_Con",51,4,"Fledged",12.75,"Color_Stress_Cont_Con",NA,NA,NA
"115",278172152,"2019","TRES","Ithaca","Unit_2","41","Unit_2_41_2019","P19N382",0.368421052631579,0.087986724809941,19,670,281128504,"Nestling","Unknown","20-Jun-19",NA,"15",17.5,NA,NA,4,"Fledged","","Color_Stress","Cont_Con",51,4,"Fledged",12.75,"Color_Stress_Cont_Con",25913,4,263,"Adult","F","11-Jun-19","3","SY",19,28.6,116,NA,"","","51g for 4N","Color_Stress","Cont_Con",51,4,"Fledged",12.75,"Color_Stress_Cont_Con",NA,NA,NA
"116",278172152,"2019","TRES","Ithaca","Unit_2","41","Unit_2_41_2019","P19N380",0.375,0.0185299567634342,16,668,281128502,"Nestling","Unknown","20-Jun-19",NA,"15",18.5,NA,NA,4,"Fledged","","Color_Stress","Cont_Con",51,4,"Fledged",12.75,"Color_Stress_Cont_Con",1619,4,263,"Adult","F","11-Jun-19","3","SY",19,28.6,116,NA,"","","51g for 4N","Color_Stress","Cont_Con",51,4,"Fledged",12.75,"Color_Stress_Cont_Con",NA,NA,NA
"117",278172152,"2019","TRES","Ithaca","Unit_2","41","Unit_2_41_2019","P19N335",0.4,0.948168624740843,15,551,281128503,"Nestling","Unknown","17-Jun-19",NA,"12",18.5,24.4,42,4,"Fledged","","Color_Stress","Cont_Con",51,4,"Fledged",12.75,"Color_Stress_Cont_Con",1447,4,263,"Adult","F","11-Jun-19","3","SY",19,28.6,116,NA,"","","51g for 4N","Color_Stress","Cont_Con",51,4,"Fledged",12.75,"Color_Stress_Cont_Con",NA,NA,NA
"118",278172154,"2019","TRES","Ithaca","Unit_2","75","Unit_2_75_2019","P19N337",0.333333333333333,0.746153846153846,12,562,281128809,"Nestling","Unknown","17-Jun-19",NA,"12",14.5,23.2,35,6,"Fledged","","Color_Stress","Cont_Dul",74,6,"Fledged",12.3333333333333,"Color_Stress_Cont_Dul",130,6,264,"Adult","F","11-Jun-19","3","SY",17,29,116,NA,"","P19N194","At third capture female entered trap without it setting
Day 6 Mass: 74g/6 nestlings","Color_Stress","Cont_Dul",74,6,"Fledged",12.3333333333333,"Color_Stress_Cont_Dul",0.753169168002331,0.571428571428571,14
"119",278172154,"2019","TRES","Ithaca","Unit_2","75","Unit_2_75_2019","P19N336",0.692307692307692,0.0341880341880342,13,561,281128808,"Nestling","Unknown","17-Jun-19",NA,"12",13.5,23.2,31,6,"Fledged","","Color_Stress","Cont_Dul",74,6,"Fledged",12.3333333333333,"Color_Stress_Cont_Dul",819,6,264,"Adult","F","11-Jun-19","3","SY",17,29,116,NA,"","P19N194","At third capture female entered trap without it setting
Day 6 Mass: 74g/6 nestlings","Color_Stress","Cont_Dul",74,6,"Fledged",12.3333333333333,"Color_Stress_Cont_Dul",0.753169168002331,0.571428571428571,14
"120",278172154,"2019","TRES","Ithaca","Unit_2","75","Unit_2_75_2019","P19N383",0.583333333333333,0.278287626862449,12,700,281128808,"Nestling","Unknown","20-Jun-19",NA,"15",14,NA,NA,6,"Fledged","","Color_Stress","Cont_Dul",74,6,"Fledged",12.3333333333333,"Color_Stress_Cont_Dul",18524,6,264,"Adult","F","11-Jun-19","3","SY",17,29,116,NA,"","P19N194","At third capture female entered trap without it setting
Day 6 Mass: 74g/6 nestlings","Color_Stress","Cont_Dul",74,6,"Fledged",12.3333333333333,"Color_Stress_Cont_Dul",0.753169168002331,0.571428571428571,14
"121",278172154,"2019","TRES","Ithaca","Unit_2","75","Unit_2_75_2019","P19N384",0.7,0.379340361737112,10,701,281128809,"Nestling","Unknown","20-Jun-19",NA,"15",14.5,NA,NA,6,"Fledged","","Color_Stress","Cont_Dul",74,6,"Fledged",12.3333333333333,"Color_Stress_Cont_Dul",10339,6,264,"Adult","F","11-Jun-19","3","SY",17,29,116,NA,"","P19N194","At third capture female entered trap without it setting
Day 6 Mass: 74g/6 nestlings","Color_Stress","Cont_Dul",74,6,"Fledged",12.3333333333333,"Color_Stress_Cont_Dul",0.753169168002331,0.571428571428571,14
"122",278172154,"2019","TRES","Ithaca","Unit_2","75","Unit_2_75_2019","P19N338",0.8,0.9921875,5,565,281128812,"Nestling","Unknown","17-Jun-19",NA,"12",9.25,22.1,24,6,"Died","","Color_Stress","Cont_Dul",74,6,"Fledged",12.3333333333333,"Color_Stress_Cont_Dul",128,6,264,"Adult","F","11-Jun-19","3","SY",17,29,116,NA,"","P19N194","At third capture female entered trap without it setting
Day 6 Mass: 74g/6 nestlings","Color_Stress","Cont_Dul",74,6,"Fledged",12.3333333333333,"Color_Stress_Cont_Dul",0.753169168002331,0.571428571428571,14
"123",278172158,"2019","TRES","Ithaca","Unit_2","105","Unit_2_105_2019","P19N390",0.5,0.282163742690058,16,696,281128756,"Nestling","Unknown","20-Jun-19",NA,"12",14.5,24.6,44,5,"Fledged","","Color_Stress","Pred_Dul",48,5,"Fledged",9.6,"Color_Stress_Pred_Dul",13680,5,409,"Adult","F","15-Jun-19","3","SY",17.25,27,111,NA,"","P19N265","","Color_Stress","Pred_Dul",48,5,"Fledged",9.6,"Color_Stress_Pred_Dul",0.0392394346322993,0.368421052631579,19
"124",278172158,"2019","TRES","Ithaca","Unit_2","105","Unit_2_105_2019","P19N387",0.461538461538462,0.0176663927691044,13,697,281128757,"Nestling","Unknown","20-Jun-19",NA,"12",22.75,26.1,49,5,"Fledged","","Color_Stress","Pred_Dul",48,5,"Fledged",9.6,"Color_Stress_Pred_Dul",2434,5,409,"Adult","F","15-Jun-19","3","SY",17.25,27,111,NA,"","P19N265","","Color_Stress","Pred_Dul",48,5,"Fledged",9.6,"Color_Stress_Pred_Dul",0.0392394346322993,0.368421052631579,19
"125",278172158,"2019","TRES","Ithaca","Unit_2","105","Unit_2_105_2019","P19N454",0.5,0.756756756756757,8,797,281128757,"Nestling","Unknown","23-Jun-19",NA,"15",20.5,NA,NA,5,"Fledged","","Color_Stress","Pred_Dul",48,5,"Fledged",9.6,"Color_Stress_Pred_Dul",148,5,409,"Adult","F","15-Jun-19","3","SY",17.25,27,111,NA,"","P19N265","","Color_Stress","Pred_Dul",48,5,"Fledged",9.6,"Color_Stress_Pred_Dul",0.0392394346322993,0.368421052631579,19
"126",278172162,"2019","TRES","Ithaca","Unit_2","34","Unit_2_34_2019","P19N460",0.714285714285714,0.94258872651357,7,814,281128768,"Nestling","Unknown","24-Jun-19",NA,"12",18.5,23.9,44,4,"Died","Data has not been proofed, as it was not on the proofing sheets.","Color_Stress","Cont_Dul",50,4,"Fledged",12.5,"Color_Stress_Cont_Dul",958,4,629,"Adult","F","19-Jun-19","3","SY",19,28,116,NA,"","P19N368","","Color_Stress","Cont_Dul",50,4,"Fledged",12.5,"Color_Stress_Cont_Dul",0.956026058631922,0.555555555555556,18
"127",278172162,"2019","TRES","Ithaca","Unit_2","34","Unit_2_34_2019","P19N489",0.625,0.968160377358491,8,865,281128769,"Nestling","Unknown","27-Jun-19",NA,"15",16.75,NA,NA,4,"Fledged","Fecal sample should be +100 and tube is mislabeled as -100.","Color_Stress","Cont_Dul",50,4,"Fledged",12.5,"Color_Stress_Cont_Dul",13568,4,629,"Adult","F","19-Jun-19","3","SY",19,28,116,NA,"","P19N368","","Color_Stress","Cont_Dul",50,4,"Fledged",12.5,"Color_Stress_Cont_Dul",0.956026058631922,0.555555555555556,18
"128",278172162,"2019","TRES","Ithaca","Unit_2","34","Unit_2_34_2019","P19N491",0.5,0.992005226155665,14,867,281128771,"Nestling","Unknown","27-Jun-19",NA,"15",16.5,NA,NA,4,"Fledged","Fecal sample should be +100 and tube is mislabeled as -100.","Color_Stress","Cont_Dul",50,4,"Fledged",12.5,"Color_Stress_Cont_Dul",32146,4,629,"Adult","F","19-Jun-19","3","SY",19,28,116,NA,"","P19N368","","Color_Stress","Cont_Dul",50,4,"Fledged",12.5,"Color_Stress_Cont_Dul",0.956026058631922,0.555555555555556,18
"129",278172162,"2019","TRES","Ithaca","Unit_2","34","Unit_2_34_2019","P19N490",0.428571428571429,0.960545525762917,14,866,281128770,"Nestling","Unknown","27-Jun-19",NA,"15",20,NA,NA,4,"Fledged","Fecal sample should be +100 and tube is mislabeled as -100.","Color_Stress","Cont_Dul",50,4,"Fledged",12.5,"Color_Stress_Cont_Dul",28083,4,629,"Adult","F","19-Jun-19","3","SY",19,28,116,NA,"","P19N368","","Color_Stress","Cont_Dul",50,4,"Fledged",12.5,"Color_Stress_Cont_Dul",0.956026058631922,0.555555555555556,18
"130",278172163,"2019","TRES","Ithaca","Unit_2","14","Unit_2_14_2019","P19N486",0.363636363636364,0.404332129963899,11,862,278172295,"Nestling","Unknown","26-Jun-19",NA,"12",23,25.7,53,3,"Fledged","Fecal sample should be +100 and tube is mislabeled as -100.","Color_Stress","Pred_Dul",40,3,"Fledged",13.3333333333333,"Color_Stress_Pred_Dul",277,3,708,"Adult","F","21-Jun-19","3","ASY",19,29.2,116,NA,"","P19N406","","Color_Stress","Pred_Dul",40,3,"Fledged",13.3333333333333,"Color_Stress_Pred_Dul",0.988460032559194,0.166666666666667,18
"131",278172224,"2019","TRES","Ithaca","Unit_1","47","Unit_1_47_2019","P19N290",0.333333333333333,0.888594164456233,12,471,278172285,"Nestling","Unknown","16-Jun-19",NA,"12",17.5,25.7,51,4,"Died","","Color_Stress","Cont_Con",66,5,"Died",13.2,"Color_Stress_Cont_Con",377,4,240,"Adult","F","10-Jun-19","3","SY",19.25,28.3,112,NA,"","P19N179","","Color_Stress","Cont_Con",66,5,"Died",13.2,"Color_Stress_Cont_Con",0.980979866381857,0.470588235294118,17
"132",278172224,"2019","TRES","Ithaca","Unit_1","47","Unit_1_47_2019","P19N289",0.444444444444444,0.936339522546419,18,470,278172284,"Nestling","Unknown","16-Jun-19",NA,"12",14,24.3,45,4,"Died","","Color_Stress","Cont_Con",66,5,"Died",13.2,"Color_Stress_Cont_Con",754,4,240,"Adult","F","10-Jun-19","3","SY",19.25,28.3,112,NA,"","P19N179","","Color_Stress","Cont_Con",66,5,"Died",13.2,"Color_Stress_Cont_Con",0.980979866381857,0.470588235294118,17
"133",278172224,"2019","TRES","Ithaca","Unit_1","47","Unit_1_47_2019","P19N288",0.344827586206897,0.880617136009586,29,469,278172283,"Nestling","Unknown","16-Jun-19",NA,"12",18,24.5,47,4,"Died","","Color_Stress","Cont_Con",66,5,"Died",13.2,"Color_Stress_Cont_Con",6676,4,240,"Adult","F","10-Jun-19","3","SY",19.25,28.3,112,NA,"","P19N179","","Color_Stress","Cont_Con",66,5,"Died",13.2,"Color_Stress_Cont_Con",0.980979866381857,0.470588235294118,17
"134",278172233,"2019","TRES","Ithaca","Unit_1","86","Unit_1_86_2019","P19N467",0.454545454545455,0.919354838709677,11,858,281128681,"Nestling","Unknown","25-Jun-19",NA,"15",17.25,NA,NA,3,"Fledged","","Color_Stress","Cont_Con",45,4,"Fledged",11.25,"Color_Stress_Cont_Con",620,3,568,"Adult","F","18-Jun-19","3","SY",16.75,28.5,117,NA,"","P19N340","","Color_Stress","Cont_Con",45,4,"Fledged",11.25,"Color_Stress_Cont_Con",0.276536312849162,0.384615384615385,13
"135",278172233,"2019","TRES","Ithaca","Unit_1","86","Unit_1_86_2019","P19N430",0.4,0.127619047619048,10,790,281128682,"Nestling","Unknown","22-Jun-19",NA,"12",16,24.1,42,3,"Fledged","The post-injection bleed time ""2:03:00 PM"" is not listed on the sheet and may have just been assumed.","Color_Stress","Cont_Con",45,4,"Fledged",11.25,"Color_Stress_Cont_Con",525,3,568,"Adult","F","18-Jun-19","3","SY",16.75,28.5,117,NA,"","P19N340","","Color_Stress","Cont_Con",45,4,"Fledged",11.25,"Color_Stress_Cont_Con",0.276536312849162,0.384615384615385,13
"136",278172233,"2019","TRES","Ithaca","Unit_1","86","Unit_1_86_2019","P19N428",0.5,0.0349364128051454,18,788,281128680,"Nestling","Unknown","22-Jun-19",NA,"12",13,23.3,35,3,"Fledged","","Color_Stress","Cont_Con",45,4,"Fledged",11.25,"Color_Stress_Cont_Con",6841,3,568,"Adult","F","18-Jun-19","3","SY",16.75,28.5,117,NA,"","P19N340","","Color_Stress","Cont_Con",45,4,"Fledged",11.25,"Color_Stress_Cont_Con",0.276536312849162,0.384615384615385,13
"137",278172401,"2019","TRES","Ithaca","Turkey_Hill","106","Turkey_Hill_106_2019","P19N305",0.285714285714286,0.558724832214765,14,492,278172437,"Nestling","Unknown","16-Jun-19",NA,"12",16,23.7,37,5,"Fledged","","Light","Light",48.91,5,"Fledged",9.782,"Light_Light",596,5,267,"Adult","F","11-Jun-19","3","ASY",19.5,NA,115,NA,"","","","Light","Light",48.91,5,"Fledged",9.782,"Light_Light",NA,NA,NA
"138",278172401,"2019","TRES","Ithaca","Turkey_Hill","106","Turkey_Hill_106_2019","L19N007d",0.555555555555556,0.999117164837937,9,936,NA,"Nestling",NA,"11-Jun-19",NA,"6",NA,NA,NA,NA,NA,NA,"Light","Light",48.91,5,"Fledged",9.782,"Light_Light",23787,5,267,"Adult","F","11-Jun-19","3","ASY",19.5,NA,115,NA,"","","","Light","Light",48.91,5,"Fledged",9.782,"Light_Light",NA,NA,NA
"139",278172401,"2019","TRES","Ithaca","Turkey_Hill","106","Turkey_Hill_106_2019","L19N007a",1,1,5,934,NA,"Nestling",NA,"11-Jun-19",NA,"6",NA,NA,NA,NA,NA,NA,"Light","Light",48.91,5,"Fledged",9.782,"Light_Light",2370,5,267,"Adult","F","11-Jun-19","3","ASY",19.5,NA,115,NA,"","","","Light","Light",48.91,5,"Fledged",9.782,"Light_Light",NA,NA,NA
"140",278172401,"2019","TRES","Ithaca","Turkey_Hill","106","Turkey_Hill_106_2019","P19N304",0.363636363636364,0.713286713286713,11,488,278172433,"Nestling","Unknown","16-Jun-19",NA,"12",19.5,24.5,47,5,"Fledged","Day 6 date is actually day 7.","Light","Light",48.91,5,"Fledged",9.782,"Light_Light",143,5,267,"Adult","F","11-Jun-19","3","ASY",19.5,NA,115,NA,"","","","Light","Light",48.91,5,"Fledged",9.782,"Light_Light",NA,NA,NA
"141",278172402,"2019","TRES","Ithaca","Unit_4","78","Unit_4_78_2019","P19N362",0.181818181818182,0.0170275383645155,11,581,278172454,"Nestling","Unknown","18-Jun-19",NA,"12",22.5,25.8,51,5,"Fledged","","Light","Light_Control",54.39,5,"Fledged",10.878,"Light_Light_Control",4757,5,313,"Adult","F","12-Jun-19","3","ASY",21.75,NA,121,NA,"","P19N213","","Light","Light_Control",54.39,5,"Fledged",10.878,"Light_Light_Control",0.0210608424336973,0.4,5
"142",278172402,"2019","TRES","Ithaca","Unit_4","78","Unit_4_78_2019","L19N010c",0.44,0.665093430938162,25,948,NA,"Nestling",NA,"12-Jun-19",NA,"6",NA,NA,NA,NA,NA,NA,"Light","Light_Control",54.39,5,"Fledged",10.878,"Light_Light_Control",10382,5,313,"Adult","F","12-Jun-19","3","ASY",21.75,NA,121,NA,"","P19N213","","Light","Light_Control",54.39,5,"Fledged",10.878,"Light_Light_Control",0.0210608424336973,0.4,5
"143",278172402,"2019","TRES","Ithaca","Unit_4","78","Unit_4_78_2019","P19N359",0.5,0.80424224402815,12,577,278172450,"Nestling","Unknown","18-Jun-19",NA,"12",23,25.5,47,5,"Fledged","","Light","Light_Control",54.39,5,"Fledged",10.878,"Light_Light_Control",20178,5,313,"Adult","F","12-Jun-19","3","ASY",21.75,NA,121,NA,"","P19N213","","Light","Light_Control",54.39,5,"Fledged",10.878,"Light_Light_Control",0.0210608424336973,0.4,5
"144",278172402,"2019","TRES","Ithaca","Unit_4","78","Unit_4_78_2019","L19N010d",0.4,0.983910633154099,15,949,NA,"Nestling",NA,"12-Jun-19",NA,"6",NA,NA,NA,NA,NA,NA,"Light","Light_Control",54.39,5,"Fledged",10.878,"Light_Light_Control",23991,5,313,"Adult","F","12-Jun-19","3","ASY",21.75,NA,121,NA,"","P19N213","","Light","Light_Control",54.39,5,"Fledged",10.878,"Light_Light_Control",0.0210608424336973,0.4,5
"145",278172402,"2019","TRES","Ithaca","Unit_4","78","Unit_4_78_2019","P19N361",0.416666666666667,0.0250125255328169,12,579,278172452,"Nestling","Unknown","18-Jun-19",NA,"12",24.5,26.1,57,5,"Fledged","","Light","Light_Control",54.39,5,"Fledged",10.878,"Light_Light_Control",25947,5,313,"Adult","F","12-Jun-19","3","ASY",21.75,NA,121,NA,"","P19N213","","Light","Light_Control",54.39,5,"Fledged",10.878,"Light_Light_Control",0.0210608424336973,0.4,5
"146",278172402,"2019","TRES","Ithaca","Unit_4","78","Unit_4_78_2019","P19N360",0.3,0.476477683956574,10,578,278172451,"Nestling","Unknown","18-Jun-19",NA,"12",25,26.5,56,5,"Fledged","","Light","Light_Control",54.39,5,"Fledged",10.878,"Light_Light_Control",829,5,313,"Adult","F","12-Jun-19","3","ASY",21.75,NA,121,NA,"","P19N213","","Light","Light_Control",54.39,5,"Fledged",10.878,"Light_Light_Control",0.0210608424336973,0.4,5
"147",278172402,"2019","TRES","Ithaca","Unit_4","78","Unit_4_78_2019","L19N010b",0.55,0.888581202150187,20,947,NA,"Nestling",NA,"12-Jun-19",NA,"6",NA,NA,NA,NA,NA,NA,"Light","Light_Control",54.39,5,"Fledged",10.878,"Light_Light_Control",6139,5,313,"Adult","F","12-Jun-19","3","ASY",21.75,NA,121,NA,"","P19N213","","Light","Light_Control",54.39,5,"Fledged",10.878,"Light_Light_Control",0.0210608424336973,0.4,5
"148",278172403,"2019","TRES","Ithaca","Turkey_Hill","121","Turkey_Hill_121_2019","P19N331",0.411764705882353,0.587609511889862,17,541,278172441,"Nestling","Unknown","17-Jun-19",NA,"12",21,26.2,52,6,"Fledged","","Light","Light_Control",70,6,"Fledged",11.6666666666667,"Light_Light_Control",3196,6,268,"Adult","F","11-Jun-19","3","ASY",20.5,NA,114,NA,"","","","Light","Light_Control",70,6,"Fledged",11.6666666666667,"Light_Light_Control",NA,NA,NA
"149",278172403,"2019","TRES","Ithaca","Turkey_Hill","121","Turkey_Hill_121_2019","L19N008a",0.555555555555556,0.640719709053787,9,937,NA,"Nestling",NA,"11-Jun-19",NA,"6",NA,NA,NA,NA,NA,NA,"Light","Light_Control",70,6,"Fledged",11.6666666666667,"Light_Light_Control",15673,6,268,"Adult","F","11-Jun-19","3","ASY",20.5,NA,114,NA,"","","","Light","Light_Control",70,6,"Fledged",11.6666666666667,"Light_Light_Control",NA,NA,NA
"150",278172403,"2019","TRES","Ithaca","Turkey_Hill","121","Turkey_Hill_121_2019","P19N329",0.333333333333333,0.106483921982077,12,539,278172439,"Nestling","Unknown","17-Jun-19",NA,"12",23,25.7,51.5,6,"Fledged","","Light","Light_Control",70,6,"Fledged",11.6666666666667,"Light_Light_Control",1897,6,268,"Adult","F","11-Jun-19","3","ASY",20.5,NA,114,NA,"","","","Light","Light_Control",70,6,"Fledged",11.6666666666667,"Light_Light_Control",NA,NA,NA
"151",278172403,"2019","TRES","Ithaca","Turkey_Hill","121","Turkey_Hill_121_2019","P19N330",0.31578947368421,0.438796680497925,19,540,278172440,"Nestling","Unknown","17-Jun-19",NA,"12",23,26,54,6,"Fledged","","Light","Light_Control",70,6,"Fledged",11.6666666666667,"Light_Light_Control",964,6,268,"Adult","F","11-Jun-19","3","ASY",20.5,NA,114,NA,"","","","Light","Light_Control",70,6,"Fledged",11.6666666666667,"Light_Light_Control",NA,NA,NA
"152",278172403,"2019","TRES","Ithaca","Turkey_Hill","121","Turkey_Hill_121_2019","P19N332",0.375,0.501265022137887,8,542,278172442,"Nestling","Unknown","17-Jun-19",NA,"12",22.5,25.2,51,6,"Fledged","","Light","Light_Control",70,6,"Fledged",11.6666666666667,"Light_Light_Control",3162,6,268,"Adult","F","11-Jun-19","3","ASY",20.5,NA,114,NA,"","","","Light","Light_Control",70,6,"Fledged",11.6666666666667,"Light_Light_Control",NA,NA,NA
"153",278172403,"2019","TRES","Ithaca","Turkey_Hill","121","Turkey_Hill_121_2019","P19N333",0.333333333333333,0.476901208244492,21,543,278172443,"Nestling","Unknown","17-Jun-19",NA,"12",22,25.9,55,6,"Fledged","","Light","Light_Control",70,6,"Fledged",11.6666666666667,"Light_Light_Control",1407,6,268,"Adult","F","11-Jun-19","3","ASY",20.5,NA,114,NA,"","","","Light","Light_Control",70,6,"Fledged",11.6666666666667,"Light_Light_Control",NA,NA,NA
"154",278172403,"2019","TRES","Ithaca","Turkey_Hill","121","Turkey_Hill_121_2019","L19N008e",0.8,0.917452830188679,5,941,NA,"Nestling",NA,"11-Jun-19",NA,"6",NA,NA,NA,NA,NA,NA,"Light","Light_Control",70,6,"Fledged",11.6666666666667,"Light_Light_Control",424,6,268,"Adult","F","11-Jun-19","3","ASY",20.5,NA,114,NA,"","","","Light","Light_Control",70,6,"Fledged",11.6666666666667,"Light_Light_Control",NA,NA,NA
"155",278172403,"2019","TRES","Ithaca","Turkey_Hill","121","Turkey_Hill_121_2019","L19N008f",1,1,3,942,NA,"Nestling",NA,"11-Jun-19",NA,"6",NA,NA,NA,NA,NA,NA,"Light","Light_Control",70,6,"Fledged",11.6666666666667,"Light_Light_Control",2853,6,268,"Adult","F","11-Jun-19","3","ASY",20.5,NA,114,NA,"","","","Light","Light_Control",70,6,"Fledged",11.6666666666667,"Light_Light_Control",NA,NA,NA
"156",278172403,"2019","TRES","Ithaca","Turkey_Hill","121","Turkey_Hill_121_2019","L19N008b",0.5,0.991336180597925,6,938,NA,"Nestling",NA,"11-Jun-19",NA,"6",NA,NA,NA,NA,NA,NA,"Light","Light_Control",70,6,"Fledged",11.6666666666667,"Light_Light_Control",8195,6,268,"Adult","F","11-Jun-19","3","ASY",20.5,NA,114,NA,"","","","Light","Light_Control",70,6,"Fledged",11.6666666666667,"Light_Light_Control",NA,NA,NA
"157",278172403,"2019","TRES","Ithaca","Turkey_Hill","121","Turkey_Hill_121_2019","L19N008c",0.666666666666667,0.943037974683544,6,939,NA,"Nestling",NA,"11-Jun-19",NA,"6",NA,NA,NA,NA,NA,NA,"Light","Light_Control",70,6,"Fledged",11.6666666666667,"Light_Light_Control",158,6,268,"Adult","F","11-Jun-19","3","ASY",20.5,NA,114,NA,"","","","Light","Light_Control",70,6,"Fledged",11.6666666666667,"Light_Light_Control",NA,NA,NA
"158",278172403,"2019","TRES","Ithaca","Turkey_Hill","121","Turkey_Hill_121_2019","P19N328",0.375,0.00767263427109974,8,538,278172438,"Nestling","Unknown","17-Jun-19",NA,"12",24,25.9,54,6,"Fledged","","Light","Light_Control",70,6,"Fledged",11.6666666666667,"Light_Light_Control",391,6,268,"Adult","F","11-Jun-19","3","ASY",20.5,NA,114,NA,"","","","Light","Light_Control",70,6,"Fledged",11.6666666666667,"Light_Light_Control",NA,NA,NA
"159",278172404,"2019","TRES","Ithaca","Turkey_Hill","51","Turkey_Hill_51_2019","L19N009c",0.375,0.013357699168951,8,945,NA,"Nestling",NA,"12-Jun-19",NA,"6",NA,NA,NA,NA,NA,NA,"Light","Light_Control",39.5,4,"Fledged",9.875,"Light_Light_Control",22983,4,314,"Adult","F","12-Jun-19","3","SY",19.5,NA,114,NA,"","","6/12/19 antennae wasn't there - fell off of the life tage","Light","Light_Control",39.5,4,"Fledged",9.875,"Light_Light_Control",NA,NA,NA
"160",278172404,"2019","TRES","Ithaca","Turkey_Hill","51","Turkey_Hill_51_2019","L19N009a",0.545454545454545,0.0642209398186315,11,943,NA,"Nestling",NA,"12-Jun-19",NA,"6",NA,NA,NA,NA,NA,NA,"Light","Light_Control",39.5,4,"Fledged",9.875,"Light_Light_Control",24260,4,314,"Adult","F","12-Jun-19","3","SY",19.5,NA,114,NA,"","","6/12/19 antennae wasn't there - fell off of the life tage","Light","Light_Control",39.5,4,"Fledged",9.875,"Light_Light_Control",NA,NA,NA
"161",278172404,"2019","TRES","Ithaca","Turkey_Hill","51","Turkey_Hill_51_2019","L19N009b",0.4,0.905660377358491,10,944,NA,"Nestling",NA,"12-Jun-19",NA,"6",NA,NA,NA,NA,NA,NA,"Light","Light_Control",39.5,4,"Fledged",9.875,"Light_Light_Control",106,4,314,"Adult","F","12-Jun-19","3","SY",19.5,NA,114,NA,"","","6/12/19 antennae wasn't there - fell off of the life tage","Light","Light_Control",39.5,4,"Fledged",9.875,"Light_Light_Control",NA,NA,NA
"162",278172404,"2019","TRES","Ithaca","Turkey_Hill","51","Turkey_Hill_51_2019","P19N365",0.222222222222222,0.116655651024455,18,585,278172458,"Nestling","Unknown","18-Jun-19",NA,"12",23,25.3,50,4,"Fledged","","Light","Light_Control",39.5,4,"Fledged",9.875,"Light_Light_Control",3026,4,314,"Adult","F","12-Jun-19","3","SY",19.5,NA,114,NA,"","","6/12/19 antennae wasn't there - fell off of the life tage","Light","Light_Control",39.5,4,"Fledged",9.875,"Light_Light_Control",NA,NA,NA
"163",278172404,"2019","TRES","Ithaca","Turkey_Hill","51","Turkey_Hill_51_2019","P19N363",0.142857142857143,0.00525394045534151,7,582,278172455,"Nestling","Unknown","18-Jun-19",NA,"12",22,24.8,48,4,"Fledged","","Light","Light_Control",39.5,4,"Fledged",9.875,"Light_Light_Control",571,4,314,"Adult","F","12-Jun-19","3","SY",19.5,NA,114,NA,"","","6/12/19 antennae wasn't there - fell off of the life tage","Light","Light_Control",39.5,4,"Fledged",9.875,"Light_Light_Control",NA,NA,NA
"164",278172404,"2019","TRES","Ithaca","Turkey_Hill","51","Turkey_Hill_51_2019","P19N364",0.111111111111111,0.00956937799043062,9,584,278172457,"Nestling","Unknown","18-Jun-19",NA,"12",22.5,24.4,46,4,"Fledged","","Light","Light_Control",39.5,4,"Fledged",9.875,"Light_Light_Control",209,4,314,"Adult","F","12-Jun-19","3","SY",19.5,NA,114,NA,"","","6/12/19 antennae wasn't there - fell off of the life tage","Light","Light_Control",39.5,4,"Fledged",9.875,"Light_Light_Control",NA,NA,NA
"165",278172406,"2019","TRES","Ithaca","Unit_4","18","Unit_4_18_2019","P19N396",0.230769230769231,0.000212901852246115,13,667,278172478,"Nestling","Unknown","20-Jun-19",NA,"12",18,24.5,38,5,"Fledged","","Light","Light",38,5,"Fledged",7.6,"Light_Light",14091,5,381,"Adult","F","14-Jun-19","3","SY",19.5,NA,115,NA,"","","","Light","Light",38,5,"Fledged",7.6,"Light_Light",NA,NA,NA
"166",278172407,"2019","TRES","Ithaca","Unit_4","71","Unit_4_71_2019","L19N014a",0.625,0.981279251170047,8,960,NA,"Nestling",NA,"14-Jun-19",NA,"6",NA,NA,NA,NA,NA,NA,"Light","Light_Control",70,6,"Fledged",11.6666666666667,"Light_Light_Control",641,6,382,"Adult","F","14-Jun-19","3","ASY",20,NA,119,NA,"","","","Light","Light_Control",70,6,"Fledged",11.6666666666667,"Light_Light_Control",NA,NA,NA
"167",278172407,"2019","TRES","Ithaca","Unit_4","71","Unit_4_71_2019","L19N014b",0.833333333333333,0.997333333333333,6,961,NA,"Nestling",NA,"14-Jun-19",NA,"6",NA,NA,NA,NA,NA,NA,"Light","Light_Control",70,6,"Fledged",11.6666666666667,"Light_Light_Control",375,6,382,"Adult","F","14-Jun-19","3","ASY",20,NA,119,NA,"","","","Light","Light_Control",70,6,"Fledged",11.6666666666667,"Light_Light_Control",NA,NA,NA
"168",278172407,"2019","TRES","Ithaca","Unit_4","71","Unit_4_71_2019","P19N401",0.444444444444444,0.598367029548989,18,661,278172472,"Nestling","Unknown","20-Jun-19",NA,"12",23,26.6,58,6,"Fledged","","Light","Light_Control",70,6,"Fledged",11.6666666666667,"Light_Light_Control",5144,6,382,"Adult","F","14-Jun-19","3","ASY",20,NA,119,NA,"","","","Light","Light_Control",70,6,"Fledged",11.6666666666667,"Light_Light_Control",NA,NA,NA
"169",278172407,"2019","TRES","Ithaca","Unit_4","71","Unit_4_71_2019","P19N402",0.352941176470588,0.121053670086819,17,663,278172474,"Nestling","Unknown","20-Jun-19",NA,"12",22,25.8,55,6,"Fledged","","Light","Light_Control",70,6,"Fledged",11.6666666666667,"Light_Light_Control",10136,6,382,"Adult","F","14-Jun-19","3","ASY",20,NA,119,NA,"","","","Light","Light_Control",70,6,"Fledged",11.6666666666667,"Light_Light_Control",NA,NA,NA
"170",278172407,"2019","TRES","Ithaca","Unit_4","71","Unit_4_71_2019","L19N014c",0.5,0.991686779297399,14,962,NA,"Nestling",NA,"14-Jun-19",NA,"6",NA,NA,NA,NA,NA,NA,"Light","Light_Control",70,6,"Fledged",11.6666666666667,"Light_Light_Control",3729,6,382,"Adult","F","14-Jun-19","3","ASY",20,NA,119,NA,"","","","Light","Light_Control",70,6,"Fledged",11.6666666666667,"Light_Light_Control",NA,NA,NA
"171",278172408,"2019","TRES","Ithaca","Unit_4","12","Unit_4_12_2019","P19N421",0.25,0.0684507555070089,12,713,278172480,"Nestling","Unknown","21-Jun-19",NA,"12",17.5,24,35,3,"Fledged","","Light","Light",20.74,3,"Fledged",6.91333333333333,"Light_Light",10986,3,420,"Adult","F","15-Jun-19","3","SY",18.5,NA,116,NA,"","","","Light","Light",20.74,3,"Fledged",6.91333333333333,"Light_Light",NA,NA,NA
"172",278172408,"2019","TRES","Ithaca","Unit_4","12","Unit_4_12_2019","P19N422",0.285714285714286,0.226008724100327,14,714,278172481,"Nestling","Unknown","21-Jun-19",NA,"12",16,24.5,31,3,"Fledged","","Light","Light",20.74,3,"Fledged",6.91333333333333,"Light_Light",3668,3,420,"Adult","F","15-Jun-19","3","SY",18.5,NA,116,NA,"","","","Light","Light",20.74,3,"Fledged",6.91333333333333,"Light_Light",NA,NA,NA
"173",278172408,"2019","TRES","Ithaca","Unit_4","12","Unit_4_12_2019","P19N420",0.285714285714286,0.392597488433576,14,712,278172479,"Nestling","Unknown","21-Jun-19",NA,"12",16.5,23.3,32,3,"Fledged","","Light","Light",20.74,3,"Fledged",6.91333333333333,"Light_Light",3026,3,420,"Adult","F","15-Jun-19","3","SY",18.5,NA,116,NA,"","","","Light","Light",20.74,3,"Fledged",6.91333333333333,"Light_Light",NA,NA,NA
"174",278172410,"2019","TRES","Ithaca","Unit_4","95","Unit_4_95_2019","P19N437",0.3125,0.281597365170852,16,747,278172485,"Nestling","Unknown","22-Jun-19",NA,"12",20,24.3,49,5,"Fledged","","Light","Light",54,5,"Fledged",10.8,"Light_Light",2429,5,537,"Adult","F","17-Jun-19","3","ASY",19,NA,110,NA,"","P19N323","New life tag and PIT were put @midnight","Light","Light",54,5,"Fledged",10.8,"Light_Light",0.729559748427673,0.583333333333333,12
"175",278172410,"2019","TRES","Ithaca","Unit_4","95","Unit_4_95_2019","L19N016b",0.461538461538462,0.952083982953955,13,967,NA,"Nestling",NA,"17-Jun-19",NA,"6",NA,NA,NA,NA,NA,NA,"Light","Light",54,5,"Fledged",10.8,"Light_Light",9621,5,537,"Adult","F","17-Jun-19","3","ASY",19,NA,110,NA,"","P19N323","New life tag and PIT were put @midnight","Light","Light",54,5,"Fledged",10.8,"Light_Light",0.729559748427673,0.583333333333333,12
"176",278172410,"2019","TRES","Ithaca","Unit_4","95","Unit_4_95_2019","P19N438",0.4,0.847353618000511,20,748,278172486,"Nestling","Unknown","22-Jun-19",NA,"12",16,23.8,39,5,"Fledged","","Light","Light",54,5,"Fledged",10.8,"Light_Light",3911,5,537,"Adult","F","17-Jun-19","3","ASY",19,NA,110,NA,"","P19N323","New life tag and PIT were put @midnight","Light","Light",54,5,"Fledged",10.8,"Light_Light",0.729559748427673,0.583333333333333,12
"177",278172410,"2019","TRES","Ithaca","Unit_4","95","Unit_4_95_2019","P19N436",0.269230769230769,0.394420131291028,26,746,278172484,"Nestling","Unknown","22-Jun-19",NA,"12",23.5,25.7,52,5,"Fledged","","Light","Light",54,5,"Fledged",10.8,"Light_Light",7312,5,537,"Adult","F","17-Jun-19","3","ASY",19,NA,110,NA,"","P19N323","New life tag and PIT were put @midnight","Light","Light",54,5,"Fledged",10.8,"Light_Light",0.729559748427673,0.583333333333333,12
"178",278172410,"2019","TRES","Ithaca","Unit_4","95","Unit_4_95_2019","L19N016a",0.384615384615385,0.981233243967828,13,966,NA,"Nestling",NA,"17-Jun-19",NA,"6",NA,NA,NA,NA,NA,NA,"Light","Light",54,5,"Fledged",10.8,"Light_Light",1865,5,537,"Adult","F","17-Jun-19","3","ASY",19,NA,110,NA,"","P19N323","New life tag and PIT were put @midnight","Light","Light",54,5,"Fledged",10.8,"Light_Light",0.729559748427673,0.583333333333333,12
"179",278172410,"2019","TRES","Ithaca","Unit_4","95","Unit_4_95_2019","P19N434",0.285714285714286,0.350549003660024,14,744,278172482,"Nestling","Unknown","22-Jun-19",NA,"12",21.5,24.4,49,5,"Fledged","","Light","Light",54,5,"Fledged",10.8,"Light_Light",4918,5,537,"Adult","F","17-Jun-19","3","ASY",19,NA,110,NA,"","P19N323","New life tag and PIT were put @midnight","Light","Light",54,5,"Fledged",10.8,"Light_Light",0.729559748427673,0.583333333333333,12
"180",278172410,"2019","TRES","Ithaca","Unit_4","95","Unit_4_95_2019","P19N435",0.384615384615385,0.702189781021898,13,745,278172483,"Nestling","Unknown","22-Jun-19",NA,"12",19.5,24.5,48,5,"Fledged","483 RFID ""8E"" or ""87""","Light","Light",54,5,"Fledged",10.8,"Light_Light",685,5,537,"Adult","F","17-Jun-19","3","ASY",19,NA,110,NA,"","P19N323","New life tag and PIT were put @midnight","Light","Light",54,5,"Fledged",10.8,"Light_Light",0.729559748427673,0.583333333333333,12
"181",278172411,"2019","TRES","Ithaca","Unit_4","84","Unit_4_84_2019","L19N019d",0.285714285714286,0.378959604766056,14,979,NA,"Nestling",NA,"20-Jun-19",NA,"6",NA,NA,NA,NA,NA,NA,"Light","Light_Control",84.4,5,"Fledged",16.88,"Light_Light_Control",6882,5,711,"Adult","F","21-Jun-19","3","ASY",20.25,NA,115,NA,"","","Added glue to PIT tag on 3rd capture.","Light","Light_Control",84.4,5,"Fledged",16.88,"Light_Light_Control",NA,NA,NA
"182",278172411,"2019","TRES","Ithaca","Unit_4","84","Unit_4_84_2019","L19N019b",0.333333333333333,0.765182186234818,9,977,NA,"Nestling",NA,"20-Jun-19",NA,"6",NA,NA,NA,NA,NA,NA,"Light","Light_Control",84.4,5,"Fledged",16.88,"Light_Light_Control",5434,5,711,"Adult","F","21-Jun-19","3","ASY",20.25,NA,115,NA,"","","Added glue to PIT tag on 3rd capture.","Light","Light_Control",84.4,5,"Fledged",16.88,"Light_Light_Control",NA,NA,NA
"183",278172411,"2019","TRES","Ithaca","Unit_4","84","Unit_4_84_2019","L19N019a",0.555555555555556,0.84990253411306,9,976,NA,"Nestling",NA,"20-Jun-19",NA,"6",NA,NA,NA,NA,NA,NA,"Light","Light_Control",84.4,5,"Fledged",16.88,"Light_Light_Control",513,5,711,"Adult","F","21-Jun-19","3","ASY",20.25,NA,115,NA,"","","Added glue to PIT tag on 3rd capture.","Light","Light_Control",84.4,5,"Fledged",16.88,"Light_Light_Control",NA,NA,NA
"184",278172412,"2019","TRES","Ithaca","Unit_4","61","Unit_4_61_2019","L19N018d",0.285714285714286,0.706257025103035,14,973,NA,"Nestling",NA,"19-Jun-19",NA,"6",NA,NA,NA,NA,NA,NA,"Light","Light_Control",105,6,"Fledged",17.5,"Light_Light_Control",2669,6,632,"Adult","F","19-Jun-19","3","SY",18.5,NA,114,NA,"","P19N367","","Light","Light_Control",105,6,"Fledged",17.5,"Light_Light_Control",0.626172759624717,0.428571428571429,21
"185",278172412,"2019","TRES","Ithaca","Unit_4","61","Unit_4_61_2019","P19N465",0.222222222222222,0.0717344753747323,27,805,278172494,"Nestling","Unknown","24-Jun-19",NA,"12",24,25.4,61,6,"Fledged","","Light","Light_Control",105,6,"Fledged",17.5,"Light_Light_Control",934,6,632,"Adult","F","19-Jun-19","3","SY",18.5,NA,114,NA,"","P19N367","","Light","Light_Control",105,6,"Fledged",17.5,"Light_Light_Control",0.626172759624717,0.428571428571429,21
"186",278172412,"2019","TRES","Ithaca","Unit_4","61","Unit_4_61_2019","L19N018c",0.416666666666667,0.892857142857143,12,972,NA,"Nestling",NA,"19-Jun-19",NA,"6",NA,NA,NA,NA,NA,NA,"Light","Light_Control",105,6,"Fledged",17.5,"Light_Light_Control",700,6,632,"Adult","F","19-Jun-19","3","SY",18.5,NA,114,NA,"","P19N367","","Light","Light_Control",105,6,"Fledged",17.5,"Light_Light_Control",0.626172759624717,0.428571428571429,21
"187",278172412,"2019","TRES","Ithaca","Unit_4","61","Unit_4_61_2019","P19N464",0.333333333333333,0.059967585089141,15,804,278172493,"Nestling","Unknown","24-Jun-19",NA,"12",23,26.3,57,6,"Fledged","","Light","Light_Control",105,6,"Fledged",17.5,"Light_Light_Control",617,6,632,"Adult","F","19-Jun-19","3","SY",18.5,NA,114,NA,"","P19N367","","Light","Light_Control",105,6,"Fledged",17.5,"Light_Light_Control",0.626172759624717,0.428571428571429,21
"188",278172412,"2019","TRES","Ithaca","Unit_4","61","Unit_4_61_2019","L19N018e",0.545454545454545,0.890855457227139,11,974,NA,"Nestling",NA,"19-Jun-19",NA,"6",NA,NA,NA,NA,NA,NA,"Light","Light_Control",105,6,"Fledged",17.5,"Light_Light_Control",2373,6,632,"Adult","F","19-Jun-19","3","SY",18.5,NA,114,NA,"","P19N367","","Light","Light_Control",105,6,"Fledged",17.5,"Light_Light_Control",0.626172759624717,0.428571428571429,21
"189",278172412,"2019","TRES","Ithaca","Unit_4","61","Unit_4_61_2019","L19N018f",0.636363636363636,0.908768821966342,11,975,NA,"Nestling",NA,"19-Jun-19",NA,"6",NA,NA,NA,NA,NA,NA,"Light","Light_Control",105,6,"Fledged",17.5,"Light_Light_Control",1129,6,632,"Adult","F","19-Jun-19","3","SY",18.5,NA,114,NA,"","P19N367","","Light","Light_Control",105,6,"Fledged",17.5,"Light_Light_Control",0.626172759624717,0.428571428571429,21
"190",278172412,"2019","TRES","Ithaca","Unit_4","61","Unit_4_61_2019","P19N463",0.227272727272727,0.00713266761768902,22,802,278172491,"Nestling","Unknown","24-Jun-19",NA,"12",21.5,25.4,49,6,"Fledged","","Light","Light_Control",105,6,"Fledged",17.5,"Light_Light_Control",15422,6,632,"Adult","F","19-Jun-19","3","SY",18.5,NA,114,NA,"","P19N367","","Light","Light_Control",105,6,"Fledged",17.5,"Light_Light_Control",0.626172759624717,0.428571428571429,21
"191",278172412,"2019","TRES","Ithaca","Unit_4","61","Unit_4_61_2019","L19N018b",0.5,0.921713441654358,12,971,NA,"Nestling",NA,"19-Jun-19",NA,"6",NA,NA,NA,NA,NA,NA,"Light","Light_Control",105,6,"Fledged",17.5,"Light_Light_Control",1354,6,632,"Adult","F","19-Jun-19","3","SY",18.5,NA,114,NA,"","P19N367","","Light","Light_Control",105,6,"Fledged",17.5,"Light_Light_Control",0.626172759624717,0.428571428571429,21
"192",278172413,"2019","TRES","Ithaca","Unit_4","15","Unit_4_15_2019","L19N020a",0.4,0.229540918163673,10,980,NA,"Nestling",NA,"24-Jun-19",NA,"6",NA,NA,NA,NA,NA,NA,"Light","Light_Control",59.66,5,"Fledged",11.932,"Light_Light_Control",501,5,800,"Adult","F","24-Jun-19","3","SY",16.75,NA,115,NA,"","P19N455","Preen gland exposed Tag a little loose, added more glue at third capture.","Light","Light_Control",59.66,5,"Fledged",11.932,"Light_Light_Control",0.623433242506812,0.333333333333333,15
"193",278172413,"2019","TRES","Ithaca","Unit_4","15","Unit_4_15_2019","L19N020c",0.5,0.814847161572053,16,982,NA,"Nestling",NA,"24-Jun-19",NA,"6",NA,NA,NA,NA,NA,NA,"Light","Light_Control",59.66,5,"Fledged",11.932,"Light_Light_Control",2290,5,800,"Adult","F","24-Jun-19","3","SY",16.75,NA,115,NA,"","P19N455","Preen gland exposed Tag a little loose, added more glue at third capture.","Light","Light_Control",59.66,5,"Fledged",11.932,"Light_Light_Control",0.623433242506812,0.333333333333333,15
"194",281128402,"2019","TRES","Ithaca","Unit_2","20","Unit_2_20_2019","P19N253",0.357142857142857,0.806060606060606,14,364,281128735,"Nestling","Unknown","13-Jun-19",NA,"12",20,25.6,53,4,"Fledged","","Color_Stress","Cont_Con",47,4,"Fledged",11.75,"Color_Stress_Cont_Con",990,4,191,"Adult","F","07-Jun-19","3","SY",19,27.4,119,NA,"","P19N137","","Color_Stress","Cont_Con",47,4,"Fledged",11.75,"Color_Stress_Cont_Con",0.733550681683462,0.6,15
"195",281128402,"2019","TRES","Ithaca","Unit_2","20","Unit_2_20_2019","P19N254",0.45,0.276569864679945,20,365,281128736,"Nestling","Unknown","13-Jun-19",NA,"12",20.5,25.8,55,4,"Fledged","","Color_Stress","Cont_Con",47,4,"Fledged",11.75,"Color_Stress_Cont_Con",6577,4,191,"Adult","F","07-Jun-19","3","SY",19,27.4,119,NA,"","P19N137","","Color_Stress","Cont_Con",47,4,"Fledged",11.75,"Color_Stress_Cont_Con",0.733550681683462,0.6,15
"196",281128402,"2019","TRES","Ithaca","Unit_2","20","Unit_2_20_2019","P19N251",0.545454545454545,0.415466886055121,11,362,281128733,"Nestling","Unknown","13-Jun-19",NA,"12",19,26.6,56,4,"Fledged","","Color_Stress","Cont_Con",47,4,"Fledged",11.75,"Color_Stress_Cont_Con",2431,4,191,"Adult","F","07-Jun-19","3","SY",19,27.4,119,NA,"","P19N137","","Color_Stress","Cont_Con",47,4,"Fledged",11.75,"Color_Stress_Cont_Con",0.733550681683462,0.6,15
"197",281128402,"2019","TRES","Ithaca","Unit_2","20","Unit_2_20_2019","P19N287",0.428571428571429,0.984282778822192,14,506,281128733,"Nestling","Unknown","16-Jun-19",NA,"15",17.25,NA,NA,3,"Fledged","","Color_Stress","Cont_Con",47,4,"Fledged",11.75,"Color_Stress_Cont_Con",45746,3,191,"Adult","F","07-Jun-19","3","SY",19,27.4,119,NA,"","P19N137","","Color_Stress","Cont_Con",47,4,"Fledged",11.75,"Color_Stress_Cont_Con",0.733550681683462,0.6,15
"198",281128403,"2019","TRES","Ithaca","Unit_2","94","Unit_2_94_2019","P19N274",0.411764705882353,0.958912893360955,17,414,278172306,"Nestling","Unknown","15-Jun-19",NA,"12",11.75,21.5,28.5,4,"Died","","Color_Stress","Pred_Con",73,6,"Died",12.1666666666667,"Color_Stress_Pred_Con",20274,4,220,"Adult","F","09-Jun-19","3","SY",19,28.2,112,NA,"","P19N161","","Color_Stress","Pred_Con",73,6,"Died",12.1666666666667,"Color_Stress_Pred_Con",0.9,0.454545454545455,11
"199",281128403,"2019","TRES","Ithaca","Unit_2","94","Unit_2_94_2019","P19N273",0.666666666666667,0.00110558319513543,3,413,278172305,"Nestling","Unknown","15-Jun-19",NA,"12",15,22.5,32,4,"Died","","Color_Stress","Pred_Con",73,6,"Died",12.1666666666667,"Color_Stress_Pred_Con",1809,4,220,"Adult","F","09-Jun-19","3","SY",19,28.2,112,NA,"","P19N161","","Color_Stress","Pred_Con",73,6,"Died",12.1666666666667,"Color_Stress_Pred_Con",0.9,0.454545454545455,11
"200",281128601,"2019","TRES","Ithaca","Unit_2","99","Unit_2_99_2019","P19N447",0.428571428571429,0.00426839679016561,7,776,281128533,"Nestling","Unknown","22-Jun-19",NA,"12",14,25.1,37,4,"Died","Stressed glucose too high for glucose meter to read (It read ""High"" on meter)","Color_Stress","Cont_Con",36,4,"Fledged",9,"Color_Stress_Cont_Con",5857,4,554,"Adult","F","17-Jun-19","3","SY",17.5,28.2,116,NA,"","P19N309","","Color_Stress","Cont_Con",36,4,"Fledged",9,"Color_Stress_Cont_Con",0.963721724285104,0.533333333333333,15
"201",281128602,"2019","TRES","Ithaca","Unit_2","85","Unit_2_85_2019","P19N433",0.470588235294118,0.796533911014831,17,774,281128531,"Nestling","Unknown","22-Jun-19",NA,"12",19.9,25.4,53,5,"Fledged","","Color_Stress","Cont_Dul",50.5,5,"Fledged",10.1,"Color_Stress_Cont_Dul",6001,5,555,"Adult","F","17-Jun-19","3","ASY",18.5,28.5,116,NA,"","P19N313","","Color_Stress","Cont_Dul",50.5,5,"Fledged",10.1,"Color_Stress_Cont_Dul",0.973913043478261,0.5,8
"202",281128602,"2019","TRES","Ithaca","Unit_2","85","Unit_2_85_2019","P19N474",0.5,0.555555555555555,12,847,281128529,"Nestling","Unknown","25-Jun-19",NA,"15",15,NA,NA,5,"Fledged","","Color_Stress","Cont_Dul",50.5,5,"Fledged",10.1,"Color_Stress_Cont_Dul",252,5,555,"Adult","F","17-Jun-19","3","ASY",18.5,28.5,116,NA,"","P19N313","","Color_Stress","Cont_Dul",50.5,5,"Fledged",10.1,"Color_Stress_Cont_Dul",0.973913043478261,0.5,8
"203",281128602,"2019","TRES","Ithaca","Unit_2","85","Unit_2_85_2019","P19N475",0.5,0.839185393258427,8,849,281128531,"Nestling","Unknown","25-Jun-19",NA,"15",19.25,NA,NA,5,"Fledged","","Color_Stress","Cont_Dul",50.5,5,"Fledged",10.1,"Color_Stress_Cont_Dul",1424,5,555,"Adult","F","17-Jun-19","3","ASY",18.5,28.5,116,NA,"","P19N313","","Color_Stress","Cont_Dul",50.5,5,"Fledged",10.1,"Color_Stress_Cont_Dul",0.973913043478261,0.5,8
"204",281128603,"2019","TRES","Ithaca","Unit_2","72","Unit_2_72_2019","P19N482",0.555555555555556,0.456061274664313,9,824,278172291,"Nestling","Unknown","25-Jun-19",NA,"12",18,24.5,54,5,"Fledged","Fecal sample number was originally recorded 100 lower than it should have been. Nestlings injected with expired dex.","Color_Stress","Pred_Con",59,5,"Fledged",11.8,"Color_Stress_Pred_Con",31726,5,640,"Adult","F","19-Jun-19","3","SY",18.25,26.9,117,NA,"","P19N370","","Color_Stress","Pred_Con",59,5,"Fledged",11.8,"Color_Stress_Pred_Con",0.168449197860963,0.35,20
"205",281128603,"2019","TRES","Ithaca","Unit_2","72","Unit_2_72_2019","P19N480",0.285714285714286,0.0257879656160458,7,822,278172289,"Nestling","Unknown","25-Jun-19",NA,"12",18,24,46,5,"Fledged","Fecal sample number was originally recorded 100 lower than it should have been. Nestlings injected with expired dex.","Color_Stress","Pred_Con",59,5,"Fledged",11.8,"Color_Stress_Pred_Con",349,5,640,"Adult","F","19-Jun-19","3","SY",18.25,26.9,117,NA,"","P19N370","","Color_Stress","Pred_Con",59,5,"Fledged",11.8,"Color_Stress_Pred_Con",0.168449197860963,0.35,20
"206",281128603,"2019","TRES","Ithaca","Unit_2","72","Unit_2_72_2019","P19N492",0.5,0.881699346405229,8,871,278172292,"Nestling","Unknown","28-Jun-19",NA,"15",17.75,NA,NA,5,"Fledged","Fecal sample should be +100 and tube is mislabeled as -100.","Color_Stress","Pred_Con",59,5,"Fledged",11.8,"Color_Stress_Pred_Con",3060,5,640,"Adult","F","19-Jun-19","3","SY",18.25,26.9,117,NA,"","P19N370","","Color_Stress","Pred_Con",59,5,"Fledged",11.8,"Color_Stress_Pred_Con",0.168449197860963,0.35,20
"207",281128701,"2019","TRES","Ithaca","Unit_1","105","Unit_1_105_2019","P19N276",0.266666666666667,0.0614754098360656,15,452,281128745,"Nestling","Unknown","15-Jun-19",NA,"12",16.5,24.5,45.5,5,"Fledged","","Color_Stress","Pred_Dul",65,5,"Fledged",13,"Color_Stress_Pred_Dul",244,5,225,"Adult","F","09-Jun-19","3","SY",19.75,29,114,NA,"","P19N158","","Color_Stress","Pred_Dul",65,5,"Fledged",13,"Color_Stress_Pred_Dul",NA,NA,NA
"208",281128701,"2019","TRES","Ithaca","Unit_1","105","Unit_1_105_2019","P19N275",0.333333333333333,0.000585532834879741,12,450,281128743,"Nestling","Unknown","15-Jun-19",NA,"12",16.5,24.8,42,5,"Fledged","","Color_Stress","Pred_Dul",65,5,"Fledged",13,"Color_Stress_Pred_Dul",44404,5,225,"Adult","F","09-Jun-19","3","SY",19.75,29,114,NA,"","P19N158","","Color_Stress","Pred_Dul",65,5,"Fledged",13,"Color_Stress_Pred_Dul",NA,NA,NA
"209",281128701,"2019","TRES","Ithaca","Unit_1","105","Unit_1_105_2019","P19N346",0.5,0.0584016393442623,10,620,281128743,"Nestling","Unknown","18-Jun-19",NA,"15",15.75,NA,NA,4,"Fledged","","Color_Stress","Pred_Dul",65,5,"Fledged",13,"Color_Stress_Pred_Dul",2928,4,225,"Adult","F","09-Jun-19","3","SY",19.75,29,114,NA,"","P19N158","","Color_Stress","Pred_Dul",65,5,"Fledged",13,"Color_Stress_Pred_Dul",NA,NA,NA
"210",281128701,"2019","TRES","Ithaca","Unit_1","105","Unit_1_105_2019","P19N345",0.411764705882353,0.839919624916276,17,623,281128746,"Nestling","Unknown","18-Jun-19",NA,"15",13.5,NA,NA,4,"Fledged","","Color_Stress","Pred_Dul",65,5,"Fledged",13,"Color_Stress_Pred_Dul",1493,4,225,"Adult","F","09-Jun-19","3","SY",19.75,29,114,NA,"","P19N158","","Color_Stress","Pred_Dul",65,5,"Fledged",13,"Color_Stress_Pred_Dul",NA,NA,NA
"211",281128701,"2019","TRES","Ithaca","Unit_1","105","Unit_1_105_2019","P19N277",0.25,0.150636492220651,16,453,281128746,"Nestling","Unknown","15-Jun-19",NA,"12",14.75,24.3,41,5,"Fledged","","Color_Stress","Pred_Dul",65,5,"Fledged",13,"Color_Stress_Pred_Dul",2828,5,225,"Adult","F","09-Jun-19","3","SY",19.75,29,114,NA,"","P19N158","","Color_Stress","Pred_Dul",65,5,"Fledged",13,"Color_Stress_Pred_Dul",NA,NA,NA
"212",281128701,"2019","TRES","Ithaca","Unit_1","105","Unit_1_105_2019","P19N344",0.416666666666667,0.814529628389689,24,622,281128745,"Nestling","Unknown","18-Jun-19",NA,"15",14.5,NA,NA,4,"Fledged","","Color_Stress","Pred_Dul",65,5,"Fledged",13,"Color_Stress_Pred_Dul",2987,4,225,"Adult","F","09-Jun-19","3","SY",19.75,29,114,NA,"","P19N158","","Color_Stress","Pred_Dul",65,5,"Fledged",13,"Color_Stress_Pred_Dul",NA,NA,NA
"213",281128701,"2019","TRES","Ithaca","Unit_1","105","Unit_1_105_2019","P19N343",0.25,0.856750152718387,28,621,281128744,"Nestling","Unknown","18-Jun-19",NA,"15",16.5,NA,NA,4,"Fledged","","Color_Stress","Pred_Dul",65,5,"Fledged",13,"Color_Stress_Pred_Dul",6548,4,225,"Adult","F","09-Jun-19","3","SY",19.75,29,114,NA,"","P19N158","","Color_Stress","Pred_Dul",65,5,"Fledged",13,"Color_Stress_Pred_Dul",NA,NA,NA
"214",281128704,"2019","TRES","Ithaca","Unit_1","58","Unit_1_58_2019","P19N426",0.4,0.0172222222222222,15,786,281128678,"Nestling","Unknown","22-Jun-19",NA,"12",20.5,24.5,48,3,"Died","","Color_Stress","Pred_Con",48,4,"Fledged",12,"Color_Stress_Pred_Con",21600,3,558,"Adult","F","17-Jun-19","3","SY",17.5,28.3,118,NA,"","P19N320","Bolus taken","Color_Stress","Pred_Con",48,4,"Fledged",12,"Color_Stress_Pred_Con",0.975369458128079,0.5,8
"215",281128704,"2019","TRES","Ithaca","Unit_1","58","Unit_1_58_2019","P19N427",0.28,0.962586052080215,25,787,281128679,"Nestling","Unknown","22-Jun-19",NA,"12",22.5,26.3,54,3,"Fledged","","Color_Stress","Pred_Con",48,4,"Fledged",12,"Color_Stress_Pred_Con",3341,3,558,"Adult","F","17-Jun-19","3","SY",17.5,28.3,118,NA,"","P19N320","Bolus taken","Color_Stress","Pred_Con",48,4,"Fledged",12,"Color_Stress_Pred_Con",0.975369458128079,0.5,8
"216",281128704,"2019","TRES","Ithaca","Unit_1","58","Unit_1_58_2019","P19N466",0.5,0.858449687048628,6,855,281128678,"Nestling","Unknown","25-Jun-19",NA,"15",18,NA,NA,3,"Died","","Color_Stress","Pred_Con",48,4,"Fledged",12,"Color_Stress_Pred_Con",2077,3,558,"Adult","F","17-Jun-19","3","SY",17.5,28.3,118,NA,"","P19N320","Bolus taken","Color_Stress","Pred_Con",48,4,"Fledged",12,"Color_Stress_Pred_Con",0.975369458128079,0.5,8
"217",281128704,"2019","TRES","Ithaca","Unit_1","58","Unit_1_58_2019","P19N425",0.28,0.707785153892577,25,785,281128677,"Nestling","Unknown","22-Jun-19",NA,"12",22,25.7,54,3,"Fledged","","Color_Stress","Pred_Con",48,4,"Fledged",12,"Color_Stress_Pred_Con",8285,3,558,"Adult","F","17-Jun-19","3","SY",17.5,28.3,118,NA,"","P19N320","Bolus taken","Color_Stress","Pred_Con",48,4,"Fledged",12,"Color_Stress_Pred_Con",0.975369458128079,0.5,8
